game_type,week,away_team,home_team,away_wins,home_wins,ties,result,games_played,away_percentage,home_percentage
REG,1,ARI,LAC,10000,0,0,-12,10000,1,0
REG,1,ATL,PIT,0,10000,0,7,10000,0,1
REG,1,BAL,IND,10000,0,0,-18,10000,1,0
REG,1,BUF,HOU,10000,0,0,-5,10000,1,0
REG,1,CHI,CAR,10000,0,0,-22,10000,1,0
REG,1,CLE,JAX,0,10000,0,24,10000,0,1
REG,1,DAL,NYG,0,10000,0,8,10000,0,1
REG,1,DEN,KC,0,10000,0,21,10000,0,1
REG,1,GB,MIN,0,10000,0,17,10000,0,1
REG,1,MIA,LV,0,10000,0,14,10000,0,1
REG,1,NE,SEA,0,10000,0,3,10000,0,1
REG,1,NO,DET,0,10000,0,1,10000,0,1
REG,1,NYJ,TEN,10000,0,0,-13,10000,1,0
REG,1,SF,LA,10000,0,0,-20,10000,1,0
REG,1,TB,CIN,0,10000,0,6,10000,0,1
REG,1,WAS,PHI,0,10000,0,2,10000,0,1
REG,2,CAR,ATL,10000,0,0,-31,10000,1,0
REG,2,CIN,HOU,10000,0,0,-14,10000,1,0
REG,2,CLE,TB,10000,0,0,-4,10000,1,0
REG,2,DET,BUF,0,10000,0,10,10000,0,1
REG,2,GB,NYJ,10000,0,0,-3,10000,1,0
REG,2,IND,KC,0,10000,0,3,10000,0,1
REG,2,JAX,DEN,0,10000,0,7,10000,0,1
REG,2,LV,LAC,10000,0,0,-12,10000,1,0
REG,2,MIA,SF,0,10000,0,22,10000,0,1
REG,2,MIN,CHI,10000,0,0,-6,10000,1,0
REG,2,NO,BAL,10000,0,0,-7,10000,1,0
REG,2,NYG,LA,0,10000,0,22,10000,0,1
REG,2,PHI,TEN,10000,0,0,-4,10000,1,0
REG,2,PIT,NE,0,10000,0,17,10000,0,1
REG,2,SEA,ARI,10000,0,0,-24,10000,1,0
REG,2,WAS,DAL,0,10000,0,17,10000,0,1
REG,3,ARI,SF,0,10000,0,6,10000,0,1
REG,3,ATL,GB,10000,0,0,-21,10000,1,0
REG,3,BAL,DAL,10000,0,0,-3,10000,1,0
REG,3,CAR,CLE,0,10000,0,3,10000,0,1
REG,3,CIN,PIT,0,10000,0,3,10000,0,1
REG,3,HOU,IND,0,10000,0,2,10000,0,1
REG,3,KC,MIA,10000,0,0,-14,10000,1,0
REG,3,LA,DEN,0,10000,0,4,10000,0,1
REG,3,LAC,BUF,0,10000,0,8,10000,0,1
REG,3,LV,NO,10000,0,0,-8,10000,1,0
REG,3,MIN,TB,10000,0,0,-7,10000,1,0
REG,3,NE,JAX,0,10000,0,29,10000,0,1
REG,3,NYJ,DET,0,10000,0,7,10000,0,1
REG,3,PHI,CHI,0,10000,0,20,10000,0,1
REG,3,SEA,WAS,0,10000,0,2,10000,0,1
REG,3,TEN,NYG,0,10000,0,5,10000,0,1
REG,4,ARI,NYG,0,10000,0,12,10000,0,1
REG,4,ATL,NO,5052,4948,0,-0.2274,10000,0.5052,0.4948
REG,4,DAL,HOU,10000,0,0,-4,10000,1,0
REG,4,DEN,SF,0,10000,0,10,10000,0,1
REG,4,DET,CAR,0,10000,0,6,10000,0,1
REG,4,GB,TB,10000,0,0,-3,10000,1,0
REG,4,IND,WAS,10000,0,0,-17,10000,1,0
REG,4,JAX,CIN,10000,0,0,-5,10000,1,0
REG,4,KC,LV,10000,0,0,-3,10000,1,0
REG,4,LA,PHI,10000,0,0,-4,10000,1,0
REG,4,LAC,SEA,0,10000,0,7,10000,0,1
REG,4,MIA,MIN,0,10000,0,5,10000,0,1
REG,4,NE,BUF,10000,0,0,-3,10000,1,0
REG,4,NYJ,CHI,0,10000,0,11,10000,0,1
REG,4,PIT,CLE,0,10000,0,3,10000,0,1
REG,4,TEN,BAL,0,10000,0,6,10000,0,1
REG,5,BAL,ATL,6196,3804,0,-4.0088,10000,0.6196,0.3804
REG,5,BUF,LA,4935,5065,0,0.3551,10000,0.4935,0.5065
REG,5,CHI,GB,5666,4334,0,-2.4177,10000,0.5666,0.4334
REG,5,CIN,MIA,6225,3775,0,-4.3747,10000,0.6225,0.3775
REG,5,CLE,NYJ,6072,3928,0,-3.7665,10000,0.6072,0.3928
REG,5,DEN,LAC,6201,3799,0,-4.1241,10000,0.6201,0.3799
REG,5,DET,ARI,6301,3699,0,-4.3003,10000,0.6301,0.3699
REG,5,HOU,TEN,6895,3105,0,-6.5758,10000,0.6895,0.3105
REG,5,IND,PIT,5269,4731,0,-0.8264,10000,0.5269,0.4731
REG,5,LV,NE,3039,6961,0,6.9027,10000,0.3039,0.6961
REG,5,MIN,NO,6712,3288,0,-5.9501,10000,0.6712,0.3288
REG,5,NYG,WAS,5933,4067,0,-3.024,10000,0.5933,0.4067
REG,5,PHI,JAX,3521,6479,0,5.0016,10000,0.3521,0.6479
REG,5,SF,SEA,4584,5416,0,1.289,10000,0.4584,0.5416
REG,5,TB,DAL,3710,6290,0,4.4399,10000,0.371,0.629
REG,6,ARI,LA,2417,7583,0,9.5256,10000,0.2417,0.7583
REG,6,BAL,CLE,6097,3903,0,-3.8137,10000,0.6097,0.3903
REG,6,BUF,LV,6702,3298,0,-5.9499,10000,0.6702,0.3298
REG,6,CAR,PHI,4587,5413,0,1.3183,10000,0.4587,0.5413
REG,6,CHI,ATL,6142,3858,0,-4.0128,10000,0.6142,0.3858
REG,6,DAL,GB,5039,4961,0,-0.0559,10000,0.5039,0.4961
REG,6,HOU,JAX,3480,6520,0,5.1805,10000,0.348,0.652
REG,6,LAC,KC,2533,7467,0,8.971,10000,0.2533,0.7467
REG,6,NO,NYG,4042,5958,0,3.2235,10000,0.4042,0.5958
REG,6,NYJ,NE,2139,7861,0,10.4715,10000,0.2139,0.7861
REG,6,PIT,TB,5270,4730,0,-0.9161,10000,0.527,0.473
REG,6,SEA,DEN,5955,4045,0,-3.2931,10000,0.5955,0.4045
REG,6,TEN,IND,2498,7502,0,9.1934,10000,0.2498,0.7502
REG,6,WAS,SF,2061,7939,0,10.9537,10000,0.2061,0.7939
REG,7,CIN,BAL,4204,5796,0,2.6775,10000,0.4204,0.5796
REG,7,CLE,TEN,6413,3587,0,-5.0566,10000,0.6413,0.3587
REG,7,DAL,PHI,4647,5353,0,1.2418,10000,0.4647,0.5353
REG,7,DEN,ARI,6695,3305,0,-6.1009,10000,0.6695,0.3305
REG,7,GB,DET,4273,5727,0,2.5501,10000,0.4273,0.5727
REG,7,IND,MIN,3520,6480,0,5.1128,10000,0.352,0.648
REG,7,KC,SEA,3948,6052,0,3.4753,10000,0.3948,0.6052
REG,7,LA,LV,6614,3386,0,-5.6069,10000,0.6614,0.3386
REG,7,MIA,NYJ,5112,4888,0,-0.374,10000,0.5112,0.4888
REG,7,NE,CHI,5038,4962,0,-0.1444,10000,0.5038,0.4962
REG,7,NYG,HOU,4857,5143,0,0.5435,10000,0.4857,0.5143
REG,7,PIT,NO,5418,4582,0,-1.5454,10000,0.5418,0.4582
REG,7,SF,ATL,7036,2964,0,-7.0557,10000,0.7036,0.2964
REG,7,TB,CAR,4114,5886,0,3.0624,10000,0.4114,0.5886
REG,8,ARI,DAL,3504,6496,0,5.2648,10000,0.3504,0.6496
REG,8,ATL,TB,5084,4916,0,-0.3449,10000,0.5084,0.4916
REG,8,BAL,BUF,3826,6174,0,3.8816,10000,0.3826,0.6174
REG,8,CAR,GB,4567,5433,0,1.4281,10000,0.4567,0.5433
REG,8,CHI,SEA,3898,6102,0,3.836,10000,0.3898,0.6102
REG,8,CLE,PIT,4586,5414,0,1.2091,10000,0.4586,0.5414
REG,8,IND,JAX,3225,6775,0,6.1446,10000,0.3225,0.6775
REG,8,KC,DEN,5305,4695,0,-1.1461,10000,0.5305,0.4695
REG,8,LAC,LA,3075,6925,0,6.8485,10000,0.3075,0.6925
REG,8,LV,NYJ,5775,4225,0,-2.7116,10000,0.5775,0.4225
REG,8,MIN,DET,5883,4117,0,-2.9552,10000,0.5883,0.4117
REG,8,NE,MIA,7464,2536,0,-8.9575,10000,0.7464,0.2536
REG,8,PHI,WAS,5771,4229,0,-2.625,10000,0.5771,0.4229
REG,8,TEN,CIN,2782,7218,0,7.925,10000,0.2782,0.7218
REG,9,ARI,SEA,2007,7993,0,11.3994,10000,0.2007,0.7993
REG,9,BUF,MIN,4890,5110,0,0.2884,10000,0.489,0.511
REG,9,CIN,ATL,5503,4497,0,-1.7327,10000,0.5503,0.4497
REG,9,CLE,NO,4721,5279,0,1.0014,10000,0.4721,0.5279
REG,9,DAL,IND,4601,5399,0,1.2953,10000,0.4601,0.5399
REG,9,DEN,CAR,5461,4539,0,-1.5348,10000,0.5461,0.4539
REG,9,DET,MIA,6405,3595,0,-4.8817,10000,0.6405,0.3595
REG,9,GB,NE,3753,6247,0,4.3099,10000,0.3753,0.6247
REG,9,HOU,LAC,5665,4335,0,-2.3097,10000,0.5665,0.4335
REG,9,JAX,BAL,5433,4567,0,-1.2482,10000,0.5433,0.4567
REG,9,LA,WAS,7073,2927,0,-7.4224,10000,0.7073,0.2927
REG,9,LV,SF,2245,7755,0,10.3175,10000,0.2245,0.7755
REG,9,NYG,PHI,4841,5159,0,0.4782,10000,0.4841,0.5159
REG,9,NYJ,KC,2128,7872,0,10.6745,10000,0.2128,0.7872
REG,9,TB,CHI,3069,6931,0,6.8252,10000,0.3069,0.6931
REG,10,BUF,NYJ,7490,2510,0,-9.2577,10000,0.749,0.251
REG,10,CAR,NO,5353,4647,0,-1.1544,10000,0.5353,0.4647
REG,10,HOU,CLE,5128,4872,0,-0.3416,10000,0.5128,0.4872
REG,10,JAX,TEN,7855,2145,0,-10.6591,10000,0.7855,0.2145
REG,10,KC,ATL,6536,3464,0,-5.4009,10000,0.6536,0.3464
REG,10,LA,ARI,7237,2763,0,-7.8732,10000,0.7237,0.2763
REG,10,LAC,BAL,3056,6944,0,6.8968,10000,0.3056,0.6944
REG,10,MIA,IND,3093,6907,0,6.9114,10000,0.3093,0.6907
REG,10,MIN,GB,5968,4032,0,-3.2616,10000,0.5968,0.4032
REG,10,NE,DET,5951,4049,0,-3.3327,10000,0.5951,0.4049
REG,10,PIT,CIN,4765,5235,0,0.825,10000,0.4765,0.5235
REG,10,SEA,LV,7119,2881,0,-7.5282,10000,0.7119,0.2881
REG,10,SF,DAL,6455,3545,0,-5.136,10000,0.6455,0.3545
REG,10,WAS,NYG,3595,6405,0,4.7868,10000,0.3595,0.6405
REG,11,ARI,KC,2548,7452,0,9.1439,10000,0.2548,0.7452
REG,11,BAL,CAR,5711,4289,0,-2.4551,10000,0.5711,0.4289
REG,11,CIN,WAS,5647,4353,0,-2.3124,10000,0.5647,0.4353
REG,11,IND,HOU,5107,4893,0,-0.4184,10000,0.5107,0.4893
REG,11,JAX,NYG,6030,3970,0,-3.6013,10000,0.603,0.397
REG,11,LV,DEN,3241,6759,0,6.2274,10000,0.3241,0.6759
REG,11,MIA,BUF,2187,7813,0,10.7338,10000,0.2187,0.7813
REG,11,MIN,SF,4503,5497,0,1.8844,10000,0.4503,0.5497
REG,11,NO,CHI,3042,6958,0,7.0447,10000,0.3042,0.6958
REG,11,NYJ,LAC,4121,5879,0,3.0828,10000,0.4121,0.5879
REG,11,PIT,PHI,3978,6022,0,3.783,10000,0.3978,0.6022
REG,11,TB,DET,3995,6005,0,3.4717,10000,0.3995,0.6005
REG,11,TEN,DAL,2720,7280,0,8.4873,10000,0.272,0.728
REG,12,ATL,MIN,3366,6634,0,5.7424,10000,0.3366,0.6634
REG,12,BAL,HOU,5683,4317,0,-2.3529,10000,0.5683,0.4317
REG,12,CAR,TB,5548,4452,0,-1.7503,10000,0.5548,0.4452
REG,12,CHI,DET,5515,4485,0,-1.7387,10000,0.5515,0.4485
REG,12,DEN,PIT,5765,4235,0,-2.613,10000,0.5765,0.4235
REG,12,GB,LA,3415,6585,0,5.471,10000,0.3415,0.6585
REG,12,KC,BUF,4678,5322,0,1.2191,10000,0.4678,0.5322
REG,12,LV,CLE,4345,5655,0,2.2955,10000,0.4345,0.5655
REG,12,NE,LAC,6796,3204,0,-6.5014,10000,0.6796,0.3204
REG,12,NO,CIN,4194,5806,0,2.9579,10000,0.4194,0.5806
REG,12,NYG,IND,4262,5738,0,2.4581,10000,0.4262,0.5738
REG,12,NYJ,MIA,4689,5311,0,1.1234,10000,0.4689,0.5311
REG,12,PHI,DAL,4828,5172,0,0.6355,10000,0.4828,0.5172
REG,12,SEA,SF,5176,4824,0,-0.5292,10000,0.5176,0.4824
REG,12,TEN,JAX,1718,8282,0,12.7847,10000,0.1718,0.8282
REG,12,WAS,ARI,4801,5199,0,0.7018,10000,0.4801,0.5199
REG,13,BUF,NE,5211,4789,0,-0.6451,10000,0.5211,0.4789
REG,13,CAR,MIN,3390,6610,0,5.7233,10000,0.339,0.661
REG,13,CIN,CLE,5157,4843,0,-0.4918,10000,0.5157,0.4843
REG,13,DAL,SEA,3131,6869,0,6.5058,10000,0.3131,0.6869
REG,13,DET,ATL,5569,4431,0,-1.882,10000,0.5569,0.4431
REG,13,GB,NO,5614,4386,0,-2.2069,10000,0.5614,0.4386
REG,13,HOU,PIT,4792,5208,0,0.6125,10000,0.4792,0.5208
REG,13,JAX,CHI,5155,4845,0,-0.5984,10000,0.5155,0.4845
REG,13,KC,LA,4678,5322,0,0.9007,10000,0.4678,0.5322
REG,13,LAC,TB,4952,5048,0,0.1869,10000,0.4952,0.5048
REG,13,MIA,DEN,2621,7379,0,8.7383,10000,0.2621,0.7379
REG,13,PHI,ARI,6243,3757,0,-4.2248,10000,0.6243,0.3757
REG,13,SF,NYG,6593,3407,0,-5.5652,10000,0.6593,0.3407
REG,13,WAS,TEN,5764,4236,0,-2.8449,10000,0.5764,0.4236
REG,14,ATL,CLE,4621,5379,0,1.1692,10000,0.4621,0.5379
REG,14,BUF,GB,6148,3852,0,-3.8272,10000,0.6148,0.3852
REG,14,CHI,MIA,7054,2946,0,-7.4002,10000,0.7054,0.2946
REG,14,DEN,NYJ,6592,3408,0,-5.7906,10000,0.6592,0.3408
REG,14,HOU,WAS,5669,4331,0,-2.4835,10000,0.5669,0.4331
REG,14,IND,PHI,5123,4877,0,-0.3406,10000,0.5123,0.4877
REG,14,KC,CIN,6161,3839,0,-4.0236,10000,0.6161,0.3839
REG,14,LA,SF,4251,5749,0,2.4131,10000,0.4251,0.5749
REG,14,LAC,LV,4239,5761,0,2.5422,10000,0.4239,0.5761
REG,14,MIN,NE,4849,5151,0,0.5023,10000,0.4849,0.5151
REG,14,NO,CAR,4263,5737,0,2.6158,10000,0.4263,0.5737
REG,14,NYG,SEA,3051,6949,0,6.9242,10000,0.3051,0.6949
REG,14,PIT,JAX,3121,6879,0,6.8151,10000,0.3121,0.6879
REG,14,TB,BAL,2948,7052,0,7.5347,10000,0.2948,0.7052
REG,14,TEN,DET,2719,7281,0,8.4058,10000,0.2719,0.7281
REG,15,ATL,WAS,5414,4586,0,-1.3404,10000,0.5414,0.4586
REG,15,BAL,PIT,5846,4154,0,-3.0134,10000,0.5846,0.4154
REG,15,CHI,BUF,4261,5739,0,2.5609,10000,0.4261,0.5739
REG,15,CIN,CAR,4960,5040,0,0.125,10000,0.496,0.504
REG,15,CLE,NYG,4329,5671,0,2.3654,10000,0.4329,0.5671
REG,15,DAL,LA,3888,6112,0,4.0448,10000,0.3888,0.6112
REG,15,DEN,LV,5905,4095,0,-3.3091,10000,0.5905,0.4095
REG,15,DET,MIN,3620,6380,0,5.0003,10000,0.362,0.638
REG,15,IND,TEN,6931,3069,0,-7.159,10000,0.6931,0.3069
REG,15,JAX,HOU,6240,3760,0,-4.3001,10000,0.624,0.376
REG,15,MIA,GB,3364,6636,0,5.8516,10000,0.3364,0.6636
REG,15,NE,KC,4813,5187,0,0.7057,10000,0.4813,0.5187
REG,15,NO,TB,4928,5072,0,0.2613,10000,0.4928,0.5072
REG,15,NYJ,ARI,4120,5880,0,2.9647,10000,0.412,0.588
REG,15,SEA,PHI,6299,3701,0,-4.6655,10000,0.6299,0.3701
REG,15,SF,LAC,7158,2842,0,-7.9685,10000,0.7158,0.2842
REG,16,ARI,NO,4246,5754,0,2.6519,10000,0.4246,0.5754
REG,16,BUF,DEN,5399,4601,0,-1.5793,10000,0.5399,0.4601
REG,16,CAR,PIT,4825,5175,0,0.5187,10000,0.4825,0.5175
REG,16,CIN,IND,4485,5515,0,1.7497,10000,0.4485,0.5515
REG,16,CLE,BAL,3623,6377,0,4.9028,10000,0.3623,0.6377
REG,16,GB,CHI,3845,6155,0,3.997,10000,0.3845,0.6155
REG,16,HOU,PHI,4492,5508,0,1.8475,10000,0.4492,0.5508
REG,16,JAX,DAL,6016,3984,0,-3.6474,10000,0.6016,0.3984
REG,16,LA,SEA,4185,5815,0,3.0799,10000,0.4185,0.5815
REG,16,LAC,MIA,5627,4373,0,-2.1909,10000,0.5627,0.4373
REG,16,NE,NYJ,7225,2775,0,-8.3314,10000,0.7225,0.2775
REG,16,NYG,DET,4531,5469,0,1.5477,10000,0.4531,0.5469
REG,16,SF,KC,5401,4599,0,-1.5093,10000,0.5401,0.4599
REG,16,TB,ATL,4442,5558,0,2.0457,10000,0.4442,0.5558
REG,16,TEN,LV,3281,6719,0,6.1499,10000,0.3281,0.6719
REG,16,WAS,MIN,2643,7357,0,8.7863,10000,0.2643,0.7357
REG,17,BAL,CIN,5550,4450,0,-1.9122,10000,0.555,0.445
REG,17,BUF,MIA,7524,2476,0,-9.3438,10000,0.7524,0.2476
REG,17,DEN,NE,4436,5564,0,2.0828,10000,0.4436,0.5564
REG,17,DET,CHI,3995,6005,0,3.5709,10000,0.3995,0.6005
REG,17,HOU,GB,4721,5279,0,0.8742,10000,0.4721,0.5279
REG,17,IND,CLE,5464,4536,0,-1.4102,10000,0.5464,0.4536
REG,17,KC,LAC,6643,3357,0,-5.9424,10000,0.6643,0.3357
REG,17,LA,TB,6947,3053,0,-7.077,10000,0.6947,0.3053
REG,17,LV,ARI,5448,4552,0,-1.4365,10000,0.5448,0.4552
REG,17,MIN,NYJ,7349,2651,0,-8.5525,10000,0.7349,0.2651
REG,17,NO,ATL,4654,5346,0,1.2993,10000,0.4654,0.5346
REG,17,NYG,DAL,4555,5445,0,1.4125,10000,0.4555,0.5445
REG,17,PHI,SF,3435,6565,0,5.6991,10000,0.3435,0.6565
REG,17,PIT,TEN,6451,3549,0,-5.2371,10000,0.6451,0.3549
REG,17,SEA,CAR,6771,3229,0,-6.4281,10000,0.6771,0.3229
REG,17,WAS,JAX,2594,7406,0,9.0547,10000,0.2594,0.7406
REG,18,ATL,CAR,4471,5529,0,1.7886,10000,0.4471,0.5529
REG,18,CHI,MIN,4371,5629,0,2.0704,10000,0.4371,0.5629
REG,18,CLE,CIN,4262,5738,0,2.5494,10000,0.4262,0.5738
REG,18,DAL,WAS,5887,4113,0,-3.0796,10000,0.5887,0.4113
REG,18,DET,GB,5125,4875,0,-0.3357,10000,0.5125,0.4875
REG,18,JAX,IND,5811,4189,0,-2.9045,10000,0.5811,0.4189
REG,18,LAC,DEN,3513,6487,0,5.3629,10000,0.3513,0.6487
REG,18,LV,KC,3110,6890,0,6.9923,10000,0.311,0.689
REG,18,MIA,NE,2467,7533,0,9.6872,10000,0.2467,0.7533
REG,18,NYJ,BUF,2215,7785,0,10.7414,10000,0.2215,0.7785
REG,18,PHI,NYG,4958,5042,0,0.1056,10000,0.4958,0.5042
REG,18,PIT,BAL,3601,6399,0,5.0156,10000,0.3601,0.6399
REG,18,SEA,LA,5266,4734,0,-1.0721,10000,0.5266,0.4734
REG,18,SF,ARI,7393,2607,0,-9.126,10000,0.7393,0.2607
REG,18,TB,NO,4520,5480,0,1.5661,10000,0.452,0.548
REG,18,TEN,HOU,3102,6898,0,7.1405,10000,0.3102,0.6898
WC,19,ARI,ATL,10,13,0,2.5652173913043477,23,0.43478260869565216,0.5652173913043478
WC,19,ARI,CAR,23,19,0,2.0952380952380953,42,0.5476190476190477,0.4523809523809524
WC,19,ARI,CHI,15,19,0,6.617647058823529,34,0.4411764705882353,0.5588235294117647
WC,19,ARI,DAL,13,16,0,1.9310344827586208,29,0.4482758620689655,0.5517241379310345
WC,19,ARI,DET,10,8,0,3.2222222222222223,18,0.5555555555555556,0.4444444444444444
WC,19,ARI,GB,4,1,0,-3.8,5,0.8,0.2
WC,19,ARI,LA,1,4,0,11.2,5,0.2,0.8
WC,19,ARI,MIN,31,28,0,-0.05084745762711865,59,0.5254237288135594,0.4745762711864407
WC,19,ARI,NO,14,9,0,0.34782608695652173,23,0.6086956521739131,0.391304347826087
WC,19,ARI,NYG,25,24,0,1.2653061224489797,49,0.5102040816326531,0.4897959183673469
WC,19,ARI,PHI,13,13,0,-0.7692307692307693,26,0.5,0.5
WC,19,ARI,SEA,15,31,0,8.152173913043478,46,0.32608695652173914,0.6739130434782609
WC,19,ARI,SF,15,34,0,7.571428571428571,49,0.30612244897959184,0.6938775510204082
WC,19,ARI,TB,4,7,0,1.7272727272727273,11,0.36363636363636365,0.6363636363636364
WC,19,ARI,WAS,2,3,0,-1.8,5,0.4,0.6
WC,19,ATL,ARI,1,0,0,-2,1,1,0
WC,19,ATL,CAR,31,39,0,3.1285714285714286,70,0.44285714285714284,0.5571428571428572
WC,19,ATL,CHI,6,23,0,8.241379310344827,29,0.20689655172413793,0.7931034482758621
WC,19,ATL,DAL,18,27,0,4.977777777777778,45,0.4,0.6
WC,19,ATL,DET,15,21,0,3.1666666666666665,36,0.4166666666666667,0.5833333333333334
WC,19,ATL,GB,5,8,0,7.538461538461538,13,0.38461538461538464,0.6153846153846154
WC,19,ATL,LA,3,8,0,12,11,0.2727272727272727,0.7272727272727273
WC,19,ATL,MIN,34,58,0,3.608695652173913,92,0.3695652173913043,0.6304347826086957
WC,19,ATL,NO,14,16,0,4.333333333333333,30,0.4666666666666667,0.5333333333333333
WC,19,ATL,NYG,28,38,0,2.9545454545454546,66,0.42424242424242425,0.5757575757575758
WC,19,ATL,PHI,16,22,0,4.7894736842105265,38,0.42105263157894735,0.5789473684210527
WC,19,ATL,SEA,15,36,0,10.549019607843137,51,0.29411764705882354,0.7058823529411765
WC,19,ATL,SF,11,39,0,10.88,50,0.22,0.78
WC,19,ATL,TB,2,5,0,1.5714285714285714,7,0.2857142857142857,0.7142857142857143
WC,19,ATL,WAS,4,1,0,-3,5,0.8,0.2
WC,19,BAL,BUF,110,199,0,4.475728155339806,309,0.3559870550161812,0.6440129449838188
WC,19,BAL,CIN,97,146,0,3.0699588477366255,243,0.3991769547325103,0.6008230452674898
WC,19,BAL,CLE,136,143,0,0.10752688172043011,279,0.4874551971326165,0.5125448028673835
WC,19,BAL,DEN,47,71,0,3.8389830508474576,118,0.3983050847457627,0.6016949152542372
WC,19,BAL,HOU,17,23,0,3.025,40,0.425,0.575
WC,19,BAL,IND,82,91,0,2.3179190751445087,173,0.47398843930635837,0.5260115606936416
WC,19,BAL,JAX,192,313,0,4.140594059405941,505,0.3801980198019802,0.6198019801980198
WC,19,BAL,KC,146,195,0,2.8944281524926687,341,0.4281524926686217,0.5718475073313783
WC,19,BAL,LAC,4,5,0,2.4444444444444446,9,0.4444444444444444,0.5555555555555556
WC,19,BAL,LV,25,34,0,2.983050847457627,59,0.423728813559322,0.576271186440678
WC,19,BAL,MIA,9,5,0,-2.4285714285714284,14,0.6428571428571429,0.35714285714285715
WC,19,BAL,NE,121,189,0,4.461290322580645,310,0.3903225806451613,0.6096774193548387
WC,19,BAL,NYJ,10,7,0,-1.0588235294117647,17,0.5882352941176471,0.4117647058823529
WC,19,BAL,PIT,67,67,0,2.1194029850746268,134,0.5,0.5
WC,19,BAL,TEN,3,1,0,-7.25,4,0.75,0.25
WC,19,BUF,BAL,154,183,0,1.2462908011869436,337,0.456973293768546,0.543026706231454
WC,19,BUF,CIN,76,71,0,-0.9387755102040817,147,0.5170068027210885,0.48299319727891155
WC,19,BUF,CLE,109,88,0,-2.1725888324873095,197,0.5532994923857868,0.4467005076142132
WC,19,BUF,DEN,67,77,0,1.625,144,0.4652777777777778,0.5347222222222222
WC,19,BUF,HOU,19,35,0,2.7777777777777777,54,0.35185185185185186,0.6481481481481481
WC,19,BUF,IND,114,101,0,-1.1767441860465115,215,0.5302325581395348,0.4697674418604651
WC,19,BUF,JAX,209,233,0,1.2782805429864252,442,0.47285067873303166,0.5271493212669683
WC,19,BUF,KC,213,215,0,0.09345794392523364,428,0.4976635514018692,0.5023364485981309
WC,19,BUF,LAC,6,9,0,3.4,15,0.4,0.6
WC,19,BUF,LV,42,25,0,-2.970149253731343,67,0.6268656716417911,0.373134328358209
WC,19,BUF,MIA,5,4,0,0.1111111111111111,9,0.5555555555555556,0.4444444444444444
WC,19,BUF,NE,223,335,0,3.2903225806451615,558,0.3996415770609319,0.600358422939068
WC,19,BUF,NYJ,3,12,0,5.866666666666666,15,0.2,0.8
WC,19,BUF,PIT,49,56,0,-0.2,105,0.4666666666666667,0.5333333333333333
WC,19,BUF,TEN,3,5,0,2.375,8,0.375,0.625
WC,19,CAR,ATL,16,35,0,5.117647058823529,51,0.3137254901960784,0.6862745098039216
WC,19,CAR,CHI,13,29,0,8,42,0.30952380952380953,0.6904761904761905
WC,19,CAR,DAL,25,24,0,-0.24489795918367346,49,0.5102040816326531,0.4897959183673469
WC,19,CAR,DET,16,14,0,1.1,30,0.5333333333333333,0.4666666666666667
WC,19,CAR,GB,4,6,0,1.2,10,0.4,0.6
WC,19,CAR,LA,3,17,0,10.2,20,0.15,0.85
WC,19,CAR,MIN,34,46,0,3.3625,80,0.425,0.575
WC,19,CAR,NO,13,42,0,7,55,0.23636363636363636,0.7636363636363637
WC,19,CAR,NYG,20,25,0,2.6222222222222222,45,0.4444444444444444,0.5555555555555556
WC,19,CAR,PHI,13,15,0,1.1785714285714286,28,0.4642857142857143,0.5357142857142857
WC,19,CAR,SEA,12,37,0,8.979591836734693,49,0.24489795918367346,0.7551020408163265
WC,19,CAR,SF,15,41,0,9.785714285714286,56,0.26785714285714285,0.7321428571428571
WC,19,CAR,TB,3,3,0,-0.16666666666666666,6,0.5,0.5
WC,19,CAR,WAS,1,2,0,6.333333333333333,3,0.3333333333333333,0.6666666666666666
WC,19,CHI,ARI,3,0,0,-6,3,1,0
WC,19,CHI,ATL,179,128,0,-3.0912052117263844,307,0.5830618892508144,0.4169381107491857
WC,19,CHI,CAR,336,262,0,-2.6220735785953178,598,0.5618729096989966,0.43812709030100333
WC,19,CHI,DAL,152,160,0,0.3301282051282051,312,0.48717948717948717,0.5128205128205128
WC,19,CHI,DET,49,80,0,3.108527131782946,129,0.3798449612403101,0.6201550387596899
WC,19,CHI,GB,38,51,0,2.9887640449438204,89,0.42696629213483145,0.5730337078651685
WC,19,CHI,LA,32,72,0,6.778846153846154,104,0.3076923076923077,0.6923076923076923
WC,19,CHI,MIN,231,301,0,2.7781954887218046,532,0.4342105263157895,0.5657894736842105
WC,19,CHI,NO,237,158,0,-3.070886075949367,395,0.6,0.4
WC,19,CHI,NYG,264,246,0,-0.8137254901960784,510,0.5176470588235295,0.4823529411764706
WC,19,CHI,PHI,201,196,0,0.0906801007556675,397,0.5062972292191436,0.49370277078085645
WC,19,CHI,SEA,64,148,0,6.622641509433962,212,0.3018867924528302,0.6981132075471698
WC,19,CHI,SF,99,166,0,4.509433962264151,265,0.37358490566037733,0.6264150943396226
WC,19,CHI,TB,92,60,0,-3.375,152,0.6052631578947368,0.39473684210526316
WC,19,CHI,WAS,28,34,0,0.7419354838709677,62,0.45161290322580644,0.5483870967741935
WC,19,CIN,BAL,119,220,0,4.230088495575221,339,0.35103244837758113,0.6489675516224189
WC,19,CIN,BUF,86,223,0,6.944983818770226,309,0.2783171521035599,0.7216828478964401
WC,19,CIN,CLE,80,89,0,2.1893491124260356,169,0.47337278106508873,0.5266272189349113
WC,19,CIN,DEN,59,78,0,3.8686131386861313,137,0.4306569343065693,0.5693430656934306
WC,19,CIN,HOU,23,23,0,1.8478260869565217,46,0.5,0.5
WC,19,CIN,IND,63,92,0,3.109677419354839,155,0.4064516129032258,0.5935483870967742
WC,19,CIN,JAX,165,276,0,5.600907029478458,441,0.3741496598639456,0.6258503401360545
WC,19,CIN,KC,142,244,0,5.2020725388601035,386,0.36787564766839376,0.6321243523316062
WC,19,CIN,LAC,2,7,0,9.222222222222221,9,0.2222222222222222,0.7777777777777778
WC,19,CIN,LV,29,40,0,2.63768115942029,69,0.42028985507246375,0.5797101449275363
WC,19,CIN,MIA,6,10,0,5,16,0.375,0.625
WC,19,CIN,NE,88,168,0,5.3125,256,0.34375,0.65625
WC,19,CIN,NYJ,14,4,0,-7.5,18,0.7777777777777778,0.2222222222222222
WC,19,CIN,PIT,39,58,0,3.5670103092783507,97,0.4020618556701031,0.5979381443298969
WC,19,CLE,BAL,120,274,0,6.751269035532995,394,0.30456852791878175,0.6954314720812182
WC,19,CLE,BUF,99,260,0,8.598885793871867,359,0.2757660167130919,0.724233983286908
WC,19,CLE,CIN,46,106,0,6.473684210526316,152,0.3026315789473684,0.6973684210526315
WC,19,CLE,DEN,37,95,0,7.863636363636363,132,0.2803030303030303,0.7196969696969697
WC,19,CLE,HOU,12,21,0,4.96969696969697,33,0.36363636363636365,0.6363636363636364
WC,19,CLE,IND,55,126,0,6.154696132596685,181,0.30386740331491713,0.6961325966850829
WC,19,CLE,JAX,130,357,0,8.19712525667351,487,0.2669404517453799,0.7330595482546202
WC,19,CLE,KC,130,285,0,7.5686746987951805,415,0.3132530120481928,0.6867469879518072
WC,19,CLE,LAC,3,11,0,7.642857142857143,14,0.21428571428571427,0.7857142857142857
WC,19,CLE,LV,23,39,0,2.5161290322580645,62,0.3709677419354839,0.6290322580645161
WC,19,CLE,MIA,4,7,0,8.727272727272727,11,0.36363636363636365,0.6363636363636364
WC,19,CLE,NE,67,211,0,8.384892086330936,278,0.24100719424460432,0.7589928057553957
WC,19,CLE,NYJ,9,8,0,-1.1176470588235294,17,0.5294117647058824,0.47058823529411764
WC,19,CLE,PIT,30,71,0,5.564356435643564,101,0.297029702970297,0.7029702970297029
WC,19,CLE,TEN,5,3,0,1.625,8,0.625,0.375
WC,19,DAL,ARI,2,3,0,5.2,5,0.4,0.6
WC,19,DAL,ATL,35,38,0,2.2465753424657535,73,0.4794520547945205,0.5205479452054794
WC,19,DAL,CAR,61,56,0,-0.17094017094017094,117,0.5213675213675214,0.47863247863247865
WC,19,DAL,CHI,28,54,0,4.426829268292683,82,0.34146341463414637,0.6585365853658537
WC,19,DAL,DET,16,26,0,3.5,42,0.38095238095238093,0.6190476190476191
WC,19,DAL,GB,11,14,0,3.2,25,0.44,0.56
WC,19,DAL,LA,17,33,0,5.54,50,0.34,0.66
WC,19,DAL,MIN,51,112,0,6.294478527607362,163,0.3128834355828221,0.6871165644171779
WC,19,DAL,NO,33,39,0,1.4027777777777777,72,0.4583333333333333,0.5416666666666666
WC,19,DAL,NYG,101,117,0,1.9908256880733946,218,0.463302752293578,0.536697247706422
WC,19,DAL,PHI,48,71,0,3.7563025210084033,119,0.40336134453781514,0.5966386554621849
WC,19,DAL,SEA,30,76,0,7.377358490566038,106,0.2830188679245283,0.71698113207547165
WC,19,DAL,SF,34,95,0,6.62015503875969,129,0.26356589147286824,0.7364341085271318
WC,19,DAL,TB,16,12,0,-2.2142857142857144,28,0.5714285714285714,0.42857142857142855
WC,19,DAL,WAS,4,7,0,4.2727272727272725,11,0.36363636363636365,0.6363636363636364
WC,19,DEN,BAL,198,230,0,1.558411214953271,428,0.46261682242990654,0.5373831775700935
WC,19,DEN,BUF,241,341,0,2.781786941580756,582,0.41408934707903783,0.5859106529209622
WC,19,DEN,CIN,88,85,0,-0.12716763005780346,173,0.5086705202312138,0.4913294797687861
WC,19,DEN,CLE,129,125,0,-0.2125984251968504,254,0.5078740157480315,0.4921259842519685
WC,19,DEN,HOU,49,47,0,1.34375,96,0.5104166666666666,0.4895833333333333
WC,19,DEN,IND,113,135,0,0.6088709677419355,248,0.45564516129032256,0.5443548387096774
WC,19,DEN,JAX,243,360,0,2.5771144278606966,603,0.40298507462686567,0.5970149253731343
WC,19,DEN,KC,235,313,0,2.4105839416058394,548,0.42883211678832117,0.5711678832116789
WC,19,DEN,LAC,4,4,0,3.5,8,0.5,0.5
WC,19,DEN,LV,31,43,0,1.5,74,0.4189189189189189,0.581081081081081
WC,19,DEN,MIA,13,9,0,-6.136363636363637,22,0.5909090909090909,0.4090909090909091
WC,19,DEN,NE,230,274,0,1.9841269841269842,504,0.45634920634920634,0.5436507936507936
WC,19,DEN,NYJ,22,6,0,-6.785714285714286,28,0.7857142857142857,0.21428571428571427
WC,19,DEN,PIT,70,66,0,-0.75,136,0.5147058823529411,0.4852941176470588
WC,19,DEN,TEN,4,2,0,-4,6,0.6666666666666666,0.3333333333333333
WC,19,DET,ARI,2,1,0,-2.6666666666666665,3,0.6666666666666666,0.3333333333333333
WC,19,DET,ATL,90,88,0,-0.6910112359550562,178,0.5056179775280899,0.4943820224719101
WC,19,DET,CAR,182,179,0,0.008310249307479225,361,0.5041551246537396,0.49584487534626037
WC,19,DET,CHI,53,98,0,6.403973509933775,151,0.3509933774834437,0.6490066225165563
WC,19,DET,DAL,112,117,0,0.62882096069869,229,0.4890829694323144,0.5109170305676856
WC,19,DET,GB,24,21,0,2.577777777777778,45,0.5333333333333333,0.4666666666666667
WC,19,DET,LA,27,45,0,5.805555555555555,72,0.375,0.625
WC,19,DET,MIN,143,279,0,5.509478672985782,422,0.33886255924170616,0.6611374407582938
WC,19,DET,NO,127,98,0,-1.4266666666666667,225,0.5644444444444444,0.43555555555555553
WC,19,DET,NYG,137,148,0,-0.15087719298245614,285,0.4807017543859649,0.519298245614035
WC,19,DET,PHI,117,152,0,1.241635687732342,269,0.4349442379182156,0.5650557620817844
WC,19,DET,SEA,45,102,0,7.673469387755102,147,0.30612244897959184,0.6938775510204082
WC,19,DET,SF,65,133,0,7.292929292929293,198,0.3282828282828283,0.6717171717171717
WC,19,DET,TB,30,28,0,-0.8793103448275862,58,0.5172413793103449,0.4827586206896552
WC,19,DET,WAS,26,18,0,0.6590909090909091,44,0.5909090909090909,0.4090909090909091
WC,19,GB,ARI,1,0,0,-4,1,1,0
WC,19,GB,ATL,70,58,0,-1.28125,128,0.546875,0.453125
WC,19,GB,CAR,113,111,0,-0.5982142857142857,224,0.5044642857142857,0.4955357142857143
WC,19,GB,CHI,43,87,0,5.6461538461538465,130,0.33076923076923076,0.6692307692307692
WC,19,GB,DAL,69,69,0,0.028985507246376812,138,0.5,0.5
WC,19,GB,DET,34,41,0,2.16,75,0.4533333333333333,0.5466666666666666
WC,19,GB,LA,16,42,0,7.051724137931035,58,0.27586206896551724,0.7241379310344828
WC,19,GB,MIN,118,195,0,3.696485623003195,313,0.3769968051118211,0.6230031948881789
WC,19,GB,NO,88,72,0,-2.19375,160,0.55,0.45
WC,19,GB,NYG,111,123,0,0.07692307692307693,234,0.47435897435897434,0.5256410256410257
WC,19,GB,PHI,97,107,0,0.22549019607843138,204,0.47549019607843135,0.5245098039215687
WC,19,GB,SEA,34,107,0,7.75886524822695,141,0.24113475177304963,0.7588652482269503
WC,19,GB,SF,64,121,0,5.972972972972973,185,0.34594594594594597,0.654054054054054
WC,19,GB,TB,31,22,0,-3.5849056603773586,53,0.5849056603773585,0.41509433962264153
WC,19,GB,WAS,14,10,0,-3.7083333333333335,24,0.5833333333333334,0.4166666666666667
WC,19,HOU,BAL,42,62,0,2.0288461538461537,104,0.40384615384615385,0.5961538461538461
WC,19,HOU,BUF,43,66,0,3.1743119266055047,109,0.3944954128440367,0.6055045871559633
WC,19,HOU,CIN,25,21,0,-0.10869565217391304,46,0.5434782608695652,0.45652173913043476
WC,19,HOU,CLE,36,17,0,-5.377358490566038,53,0.6792452830188679,0.32075471698113206
WC,19,HOU,DEN,24,22,0,2.717391304347826,46,0.5217391304347826,0.4782608695652174
WC,19,HOU,IND,24,28,0,0.17307692307692307,52,0.46153846153846156,0.5384615384615384
WC,19,HOU,JAX,51,104,0,5.090322580645161,155,0.32903225806451614,0.6709677419354839
WC,19,HOU,KC,64,73,0,1.145985401459854,137,0.46715328467153283,0.5328467153284672
WC,19,HOU,LAC,0,4,0,9,4,0,1
WC,19,HOU,LV,16,12,0,-5.035714285714286,28,0.5714285714285714,0.42857142857142855
WC,19,HOU,MIA,0,1,0,11,1,0,1
WC,19,HOU,NE,28,54,0,4.658536585365853,82,0.34146341463414637,0.6585365853658537
WC,19,HOU,NYJ,4,4,0,2.875,8,0.5,0.5
WC,19,HOU,PIT,11,7,0,-5.055555555555555,18,0.6111111111111112,0.3888888888888889
WC,19,IND,BAL,137,178,0,3.323809523809524,315,0.43492063492063493,0.5650793650793651
WC,19,IND,BUF,104,211,0,5.32063492063492,315,0.33015873015873015,0.6698412698412698
WC,19,IND,CIN,58,73,0,1.6259541984732824,131,0.44274809160305345,0.5572519083969466
WC,19,IND,CLE,94,80,0,-1.3563218390804597,174,0.5402298850574713,0.45977011494252873
WC,19,IND,DEN,56,77,0,4.533834586466165,133,0.42105263157894735,0.5789473684210527
WC,19,IND,HOU,14,17,0,3.5483870967741935,31,0.45161290322580644,0.5483870967741935
WC,19,IND,JAX,181,325,0,5.440711462450593,506,0.3577075098814229,0.642292490118577
WC,19,IND,KC,141,201,0,2.93859649122807,342,0.41228070175438597,0.5877192982456141
WC,19,IND,LAC,5,7,0,2.75,12,0.4166666666666667,0.5833333333333334
WC,19,IND,LV,28,33,0,-1.0655737704918034,61,0.45901639344262296,0.5409836065573771
WC,19,IND,MIA,3,4,0,-1,7,0.42857142857142855,0.5714285714285714
WC,19,IND,NE,90,179,0,6.018587360594796,269,0.3345724907063197,0.6654275092936803
WC,19,IND,NYJ,13,10,0,-3.3043478260869565,23,0.5652173913043478,0.43478260869565216
WC,19,IND,PIT,34,56,0,4.555555555555555,90,0.37777777777777777,0.6222222222222222
WC,19,IND,TEN,0,1,0,3,1,0,1
WC,19,JAX,BAL,109,122,0,1.7402597402597402,231,0.47186147186147187,0.5281385281385281
WC,19,JAX,BUF,78,119,0,2.99492385786802,197,0.39593908629441626,0.6040609137055838
WC,19,JAX,CIN,43,43,0,2.2093023255813953,86,0.5,0.5
WC,19,JAX,CLE,71,53,0,-3.5806451612903225,124,0.5725806451612904,0.4274193548387097
WC,19,JAX,DEN,37,36,0,0.9452054794520548,73,0.5068493150684932,0.4931506849315068
WC,19,JAX,HOU,21,36,0,4.175438596491228,57,0.3684210526315789,0.631578947368421
WC,19,JAX,IND,125,169,0,2.4693877551020407,294,0.42517006802721086,0.5748299319727891
WC,19,JAX,KC,97,130,0,2.907488986784141,227,0.42731277533039647,0.5726872246696035
WC,19,JAX,LAC,4,4,0,0.375,8,0.5,0.5
WC,19,JAX,LV,22,15,0,-2.918918918918919,37,0.5945945945945946,0.40540540540540543
WC,19,JAX,MIA,3,1,0,-8.5,4,0.75,0.25
WC,19,JAX,NE,65,85,0,1.2133333333333334,150,0.43333333333333335,0.5666666666666667
WC,19,JAX,NYJ,5,6,0,-1.3636363636363635,11,0.45454545454545453,0.5454545454545454
WC,19,JAX,PIT,35,25,0,0.5666666666666667,60,0.5833333333333334,0.4166666666666667
WC,19,JAX,TEN,3,2,0,0,5,0.6,0.4
WC,19,KC,BAL,96,140,0,3.2796610169491527,236,0.4067796610169492,0.5932203389830508
WC,19,KC,BUF,119,185,0,4.365131578947368,304,0.39144736842105265,0.6085526315789473
WC,19,KC,CIN,50,63,0,2.8672566371681416,113,0.4424778761061947,0.5575221238938053
WC,19,KC,CLE,69,72,0,0.5460992907801419,141,0.48936170212765956,0.5106382978723404
WC,19,KC,DEN,102,182,0,4.345070422535211,284,0.3591549295774648,0.6408450704225352
WC,19,KC,HOU,19,25,0,4.363636363636363,44,0.4318181818181818,0.5681818181818182
WC,19,KC,IND,65,72,0,1.4087591240875912,137,0.4744525547445255,0.5255474452554745
WC,19,KC,JAX,127,181,0,3.311688311688312,308,0.41233766233766234,0.5876623376623377
WC,19,KC,LAC,4,14,0,10.666666666666666,18,0.2222222222222222,0.7777777777777778
WC,19,KC,LV,60,60,0,1.875,120,0.5,0.5
WC,19,KC,MIA,5,4,0,-2.111111111111111,9,0.5555555555555556,0.4444444444444444
WC,19,KC,NE,133,157,0,1.5103448275862068,290,0.4586206896551724,0.5413793103448276
WC,19,KC,NYJ,13,10,0,-3.9130434782608696,23,0.5652173913043478,0.43478260869565216
WC,19,KC,PIT,34,45,0,2.0253164556962027,79,0.43037974683544306,0.569620253164557
WC,19,KC,TEN,2,1,0,-6,3,0.6666666666666666,0.3333333333333333
WC,19,LA,ARI,5,3,0,-3.125,8,0.625,0.375
WC,19,LA,ATL,226,138,0,-4.510989010989011,364,0.6208791208791209,0.3791208791208791
WC,19,LA,CAR,416,249,0,-4.822556390977444,665,0.6255639097744361,0.3744360902255639
WC,19,LA,CHI,105,128,0,1.4377682403433476,233,0.45064377682403434,0.5493562231759657
WC,19,LA,DAL,218,165,0,-2.7571801566579635,383,0.5691906005221932,0.4308093994778068
WC,19,LA,DET,82,71,0,-1.6797385620915033,153,0.5359477124183006,0.46405228758169936
WC,19,LA,GB,37,42,0,0.8987341772151899,79,0.46835443037974683,0.5316455696202531
WC,19,LA,MIN,245,258,0,0.30019880715705766,503,0.4870775347912525,0.5129224652087475
WC,19,LA,NO,300,159,0,-5.6383442265795205,459,0.6535947712418301,0.3464052287581699
WC,19,LA,NYG,315,239,0,-2.5848375451263537,554,0.5685920577617328,0.4314079422382672
WC,19,LA,PHI,270,229,0,-2.0440881763527052,499,0.5410821643286573,0.4589178356713427
WC,19,LA,SEA,96,204,0,5.533333333333333,300,0.32,0.68
WC,19,LA,SF,137,199,0,2.8363095238095237,336,0.40773809523809523,0.5922619047619048
WC,19,LA,TB,86,56,0,-4.711267605633803,142,0.6056338028169014,0.39436619718309857
WC,19,LA,WAS,40,28,0,-4.470588235294118,68,0.5882352941176471,0.4117647058823529
WC,19,LAC,BAL,25,23,0,-0.875,48,0.5208333333333334,0.4791666666666667
WC,19,LAC,BUF,27,41,0,2.9705882352941178,68,0.39705882352941174,0.6029411764705882
WC,19,LAC,CIN,8,16,0,6.458333333333333,24,0.3333333333333333,0.6666666666666666
WC,19,LAC,CLE,20,7,0,-3.1481481481481484,27,0.7407407407407407,0.25925925925925924
WC,19,LAC,DEN,6,9,0,5.733333333333333,15,0.4,0.6
WC,19,LAC,HOU,2,1,0,-2.3333333333333335,3,0.6666666666666666,0.3333333333333333
WC,19,LAC,IND,8,13,0,4.285714285714286,21,0.38095238095238093,0.6190476190476191
WC,19,LAC,JAX,36,44,0,3,80,0.45,0.55
WC,19,LAC,KC,30,40,0,3.0142857142857142,70,0.42857142857142855,0.5714285714285714
WC,19,LAC,LV,4,9,0,7,13,0.3076923076923077,0.6923076923076923
WC,19,LAC,MIA,1,1,0,-16.5,2,0.5,0.5
WC,19,LAC,NE,13,15,0,3.357142857142857,28,0.4642857142857143,0.5357142857142857
WC,19,LAC,NYJ,1,1,0,7.5,2,0.5,0.5
WC,19,LAC,PIT,8,12,0,0.35,20,0.4,0.6
WC,19,LAC,TEN,0,2,0,6,2,0,1
WC,19,LV,BAL,104,215,0,5.545454545454546,319,0.32601880877742945,0.6739811912225705
WC,19,LV,BUF,114,251,0,6.465753424657534,365,0.31232876712328766,0.6876712328767123
WC,19,LV,CIN,63,68,0,2.145038167938931,131,0.48091603053435117,0.5190839694656488
WC,19,LV,CLE,68,98,0,3.325301204819277,166,0.40963855421686746,0.5903614457831325
WC,19,LV,DEN,47,68,0,4.3652173913043475,115,0.40869565217391307,0.591304347826087
WC,19,LV,HOU,17,20,0,1.7837837837837838,37,0.4594594594594595,0.5405405405405406
WC,19,LV,IND,68,116,0,4.25,184,0.3695652173913043,0.6304347826086957
WC,19,LV,JAX,154,294,0,5.609375,448,0.34375,0.65625
WC,19,LV,KC,129,255,0,5.541666666666667,384,0.3359375,0.6640625
WC,19,LV,LAC,0,2,0,27.5,2,0,1
WC,19,LV,MIA,6,10,0,2.875,16,0.375,0.625
WC,19,LV,NE,106,205,0,6.141479099678457,311,0.3408360128617363,0.6591639871382636
WC,19,LV,NYJ,18,8,0,-7.923076923076923,26,0.6923076923076923,0.3076923076923077
WC,19,LV,PIT,38,55,0,2.2688172043010755,93,0.40860215053763443,0.5913978494623656
WC,19,LV,TEN,6,1,0,-9.714285714285714,7,0.8571428571428571,0.14285714285714285
WC,19,MIA,BAL,14,20,0,3.5294117647058822,34,0.4117647058823529,0.5882352941176471
WC,19,MIA,BUF,8,14,0,9.772727272727273,22,0.36363636363636365,0.6363636363636364
WC,19,MIA,CIN,1,3,0,-1,4,0.25,0.75
WC,19,MIA,CLE,6,8,0,-2.9285714285714284,14,0.42857142857142855,0.5714285714285714
WC,19,MIA,DEN,1,5,0,11.5,6,0.16666666666666666,0.8333333333333334
WC,19,MIA,HOU,1,0,0,-6,1,1,0
WC,19,MIA,IND,0,5,0,14.6,5,0,1
WC,19,MIA,JAX,16,29,0,4.7555555555555555,45,0.35555555555555557,0.6444444444444445
WC,19,MIA,KC,13,19,0,5.59375,32,0.40625,0.59375
WC,19,MIA,LAC,0,1,0,24,1,0,1
WC,19,MIA,LV,2,2,0,-2,4,0.5,0.5
WC,19,MIA,NE,7,5,0,-0.25,12,0.5833333333333334,0.4166666666666667
WC,19,MIA,NYJ,0,1,0,14,1,0,1
WC,19,MIA,PIT,4,7,0,10.909090909090908,11,0.36363636363636365,0.6363636363636364
WC,19,MIN,ATL,101,101,0,0.09405940594059406,202,0.5,0.5
WC,19,MIN,CAR,245,196,0,-1.63718820861678,441,0.5555555555555556,0.4444444444444444
WC,19,MIN,CHI,100,176,0,5.5398550724637685,276,0.36231884057971014,0.6376811594202898
WC,19,MIN,DAL,121,121,0,0.4132231404958678,242,0.5,0.5
WC,19,MIN,DET,69,108,0,2.774011299435028,177,0.3898305084745763,0.6101694915254238
WC,19,MIN,GB,33,47,0,2.8375,80,0.4125,0.5875
WC,19,MIN,LA,13,32,0,6.133333333333334,45,0.28888888888888886,0.7111111111111111
WC,19,MIN,NO,152,119,0,-2.014760147601476,271,0.5608856088560885,0.43911439114391143
WC,19,MIN,NYG,170,158,0,-0.32926829268292684,328,0.5182926829268293,0.4817073170731707
WC,19,MIN,PHI,116,141,0,2.1089494163424125,257,0.45136186770428016,0.5486381322957199
WC,19,MIN,SEA,42,74,0,6.310344827586207,116,0.3620689655172414,0.6379310344827587
WC,19,MIN,SF,45,88,0,5.526315789473684,133,0.3383458646616541,0.6616541353383458
WC,19,MIN,TB,52,41,0,-1.6129032258064515,93,0.5591397849462365,0.44086021505376344
WC,19,MIN,WAS,26,35,0,3.0327868852459017,61,0.4262295081967213,0.5737704918032787
WC,19,NE,BAL,168,195,0,1.2644628099173554,363,0.4628099173553719,0.5371900826446281
WC,19,NE,BUF,189,313,0,4.438247011952191,502,0.37649402390438247,0.6235059760956175
WC,19,NE,CIN,106,91,0,-1.8730964467005076,197,0.5380710659898477,0.4619289340101523
WC,19,NE,CLE,129,95,0,-2.6517857142857144,224,0.5758928571428571,0.42410714285714285
WC,19,NE,DEN,84,117,0,1.8955223880597014,201,0.417910447761194,0.582089552238806
WC,19,NE,HOU,24,39,0,2.5714285714285716,63,0.38095238095238093,0.6190476190476191
WC,19,NE,IND,112,117,0,-0.6943231441048034,229,0.4890829694323144,0.5109170305676856
WC,19,NE,JAX,219,332,0,3.246823956442831,551,0.397459165154265,0.6025408348457351
WC,19,NE,KC,239,267,0,1.033596837944664,506,0.4723320158102767,0.5276679841897233
WC,19,NE,LAC,13,14,0,2.3333333333333335,27,0.48148148148148145,0.5185185185185185
WC,19,NE,LV,54,49,0,-0.22330097087378642,103,0.5242718446601942,0.47572815533980584
WC,19,NE,MIA,1,3,0,3.25,4,0.25,0.75
WC,19,NE,NYJ,5,9,0,3.357142857142857,14,0.35714285714285715,0.6428571428571429
WC,19,NE,PIT,58,69,0,0.33070866141732286,127,0.4566929133858268,0.5433070866141733
WC,19,NE,TEN,5,3,0,-5.5,8,0.625,0.375
WC,19,NO,ATL,10,17,0,3.2222222222222223,27,0.37037037037037035,0.6296296296296297
WC,19,NO,CAR,18,42,0,5.25,60,0.3,0.7
WC,19,NO,CHI,8,11,0,1.5263157894736843,19,0.42105263157894735,0.5789473684210527
WC,19,NO,DAL,7,17,0,6.958333333333333,24,0.2916666666666667,0.7083333333333334
WC,19,NO,DET,11,11,0,0.13636363636363635,22,0.5,0.5
WC,19,NO,GB,4,4,0,-0.125,8,0.5,0.5
WC,19,NO,LA,2,7,0,11.444444444444445,9,0.2222222222222222,0.7777777777777778
WC,19,NO,MIN,23,47,0,6.5,70,0.32857142857142857,0.6714285714285714
WC,19,NO,NYG,15,16,0,2.5806451612903225,31,0.4838709677419355,0.5161290322580645
WC,19,NO,PHI,9,19,0,5.714285714285714,28,0.32142857142857145,0.6785714285714286
WC,19,NO,SEA,7,28,0,6.571428571428571,35,0.2,0.8
WC,19,NO,SF,10,32,0,7.190476190476191,42,0.23809523809523808,0.7619047619047619
WC,19,NO,TB,1,4,0,7,5,0.2,0.8
WC,19,NO,WAS,2,1,0,-1,3,0.6666666666666666,0.3333333333333333
WC,19,NYG,ATL,29,31,0,1.9,60,0.48333333333333334,0.5166666666666667
WC,19,NYG,CAR,51,51,0,0.5686274509803921,102,0.5,0.5
WC,19,NYG,CHI,30,56,0,5.337209302325581,86,0.3488372093023256,0.6511627906976745
WC,19,NYG,DAL,44,94,0,6.644927536231884,138,0.3188405797101449,0.6811594202898551
WC,19,NYG,DET,8,36,0,8.477272727272727,44,0.18181818181818182,0.8181818181818182
WC,19,NYG,GB,13,19,0,4.25,32,0.40625,0.59375
WC,19,NYG,LA,16,36,0,6.865384615384615,52,0.3076923076923077,0.6923076923076923
WC,19,NYG,MIN,66,120,0,5.112903225806452,186,0.3548387096774194,0.6451612903225806
WC,19,NYG,NO,26,38,0,-0.140625,64,0.40625,0.59375
WC,19,NYG,PHI,45,93,0,5.8768115942028984,138,0.32608695652173914,0.6739130434782609
WC,19,NYG,SEA,40,69,0,6.908256880733945,109,0.3669724770642202,0.6330275229357798
WC,19,NYG,SF,39,103,0,8.352112676056338,142,0.2746478873239437,0.7253521126760564
WC,19,NYG,TB,13,12,0,-0.48,25,0.52,0.48
WC,19,NYG,WAS,3,14,0,9.588235294117647,17,0.17647058823529413,0.8235294117647058
WC,19,NYJ,BAL,24,47,0,7.605633802816901,71,0.3380281690140845,0.6619718309859155
WC,19,NYJ,BUF,17,57,0,10.013513513513514,74,0.22972972972972974,0.7702702702702703
WC,19,NYJ,CIN,5,8,0,2.3846153846153846,13,0.38461538461538464,0.6153846153846154
WC,19,NYJ,CLE,11,14,0,3.4,25,0.44,0.56
WC,19,NYJ,DEN,11,19,0,5.533333333333333,30,0.36666666666666664,0.6333333333333333
WC,19,NYJ,HOU,1,5,0,11.333333333333334,6,0.16666666666666666,0.8333333333333334
WC,19,NYJ,IND,5,25,0,7.733333333333333,30,0.16666666666666666,0.8333333333333334
WC,19,NYJ,JAX,20,62,0,7.378048780487805,82,0.24390243902439024,0.7560975609756098
WC,19,NYJ,KC,32,52,0,6.035714285714286,84,0.38095238095238093,0.6190476190476191
WC,19,NYJ,LAC,1,0,0,-5,1,1,0
WC,19,NYJ,LV,5,10,0,5.266666666666667,15,0.3333333333333333,0.6666666666666666
WC,19,NYJ,MIA,0,1,0,23,1,0,1
WC,19,NYJ,NE,11,32,0,6.906976744186046,43,0.2558139534883721,0.7441860465116279
WC,19,NYJ,PIT,5,4,0,1.1111111111111112,9,0.5555555555555556,0.4444444444444444
WC,19,NYJ,TEN,0,1,0,2,1,0,1
WC,19,PHI,ARI,1,2,0,3.6666666666666665,3,0.3333333333333333,0.6666666666666666
WC,19,PHI,ATL,25,27,0,0.34615384615384615,52,0.4807692307692308,0.5192307692307693
WC,19,PHI,CAR,32,26,0,0.27586206896551724,58,0.5517241379310345,0.4482758620689655
WC,19,PHI,CHI,24,49,0,6.109589041095891,73,0.3287671232876712,0.6712328767123288
WC,19,PHI,DAL,38,53,0,2.6263736263736264,91,0.4175824175824176,0.5824175824175825
WC,19,PHI,DET,14,14,0,1.8928571428571428,28,0.5,0.5
WC,19,PHI,GB,8,15,0,5.217391304347826,23,0.34782608695652173,0.6521739130434783
WC,19,PHI,LA,14,21,0,6.171428571428572,35,0.4,0.6
WC,19,PHI,MIN,73,79,0,2.0789473684210527,152,0.48026315789473684,0.5197368421052632
WC,19,PHI,NO,35,32,0,-1.164179104477612,67,0.5223880597014925,0.47761194029850745
WC,19,PHI,NYG,67,91,0,2.2974683544303796,158,0.4240506329113924,0.5759493670886076
WC,19,PHI,SEA,17,51,0,9.411764705882353,68,0.25,0.75
WC,19,PHI,SF,35,85,0,7.2,120,0.2916666666666667,0.7083333333333334
WC,19,PHI,TB,9,7,0,-2.25,16,0.5625,0.4375
WC,19,PHI,WAS,5,5,0,2.4,10,0.5,0.5
WC,19,PIT,BAL,79,176,0,5.894117647058824,255,0.30980392156862746,0.6901960784313725
WC,19,PIT,BUF,97,179,0,6.528985507246377,276,0.35144927536231885,0.6485507246376812
WC,19,PIT,CIN,47,54,0,2.504950495049505,101,0.46534653465346537,0.5346534653465347
WC,19,PIT,CLE,61,65,0,0.8492063492063492,126,0.48412698412698413,0.5158730158730159
WC,19,PIT,DEN,30,75,0,6.6761904761904765,105,0.2857142857142857,0.7142857142857143
WC,19,PIT,HOU,11,9,0,-3.25,20,0.55,0.45
WC,19,PIT,IND,57,92,0,4.154362416107382,149,0.3825503355704698,0.6174496644295302
WC,19,PIT,JAX,140,276,0,5.5360576923076925,416,0.33653846153846156,0.6634615384615384
WC,19,PIT,KC,105,170,0,4.567272727272727,275,0.38181818181818183,0.6181818181818182
WC,19,PIT,LAC,0,6,0,12.166666666666666,6,0,1
WC,19,PIT,LV,19,33,0,5.6923076923076925,52,0.36538461538461536,0.6346153846153846
WC,19,PIT,MIA,6,6,0,-1.8333333333333333,12,0.5,0.5
WC,19,PIT,NE,71,162,0,6.446351931330472,233,0.30472103004291845,0.6952789699570815
WC,19,PIT,NYJ,4,6,0,0.8,10,0.4,0.6
WC,19,PIT,TEN,3,2,0,-5.2,5,0.6,0.4
WC,19,SEA,ARI,0,1,0,18,1,0,1
WC,19,SEA,ATL,199,119,0,-5.267295597484277,318,0.6257861635220126,0.3742138364779874
WC,19,SEA,CAR,441,203,0,-6.024844720496894,644,0.6847826086956522,0.31521739130434784
WC,19,SEA,CHI,84,107,0,1.6020942408376964,191,0.4397905759162304,0.5602094240837696
WC,19,SEA,DAL,232,165,0,-3.1889168765743072,397,0.5843828715365239,0.4156171284634761
WC,19,SEA,DET,62,50,0,-1.1428571428571428,112,0.5535714285714286,0.44642857142857145
WC,19,SEA,GB,26,23,0,0.7142857142857143,49,0.5306122448979592,0.46938775510204084
WC,19,SEA,LA,46,68,0,2.8771929824561404,114,0.40350877192982454,0.5964912280701754
WC,19,SEA,MIN,201,190,0,-0.5038363171355499,391,0.5140664961636828,0.4859335038363171
WC,19,SEA,NO,305,127,0,-7.3125,432,0.7060185185185185,0.29398148148148145
WC,19,SEA,NYG,363,210,0,-4.827225130890052,573,0.6335078534031413,0.36649214659685864
WC,19,SEA,PHI,276,188,0,-3.5129310344827585,464,0.5948275862068966,0.4051724137931034
WC,19,SEA,SF,147,198,0,2.47536231884058,345,0.4260869565217391,0.5739130434782609
WC,19,SEA,TB,115,66,0,-5.7845303867403315,181,0.6353591160220995,0.36464088397790057
WC,19,SEA,WAS,49,31,0,-3.5375,80,0.6125,0.3875
WC,19,SF,ARI,2,1,0,-1.3333333333333333,3,0.6666666666666666,0.3333333333333333
WC,19,SF,ATL,209,118,0,-5.238532110091743,327,0.6391437308868502,0.36085626911314983
WC,19,SF,CAR,341,183,0,-4.740458015267175,524,0.6507633587786259,0.34923664122137404
WC,19,SF,CHI,49,66,0,1.9391304347826086,115,0.4260869565217391,0.5739130434782609
WC,19,SF,DAL,187,155,0,-1.3830409356725146,342,0.5467836257309941,0.45321637426900585
WC,19,SF,DET,36,43,0,2.0632911392405062,79,0.45569620253164556,0.5443037974683544
WC,19,SF,GB,22,23,0,-1.7555555555555555,45,0.4888888888888889,0.5111111111111111
WC,19,SF,LA,52,114,0,5.614457831325301,166,0.3132530120481928,0.6867469879518072
WC,19,SF,MIN,119,137,0,0.56640625,256,0.46484375,0.53515625
WC,19,SF,NO,229,129,0,-5.0474860335195535,358,0.6396648044692738,0.36033519553072624
WC,19,SF,NYG,262,201,0,-2.1792656587473003,463,0.5658747300215983,0.43412526997840173
WC,19,SF,PHI,202,147,0,-2.2578796561604584,349,0.5787965616045845,0.42120343839541546
WC,19,SF,SEA,98,220,0,6.547169811320755,318,0.3081761006289308,0.6918238993710691
WC,19,SF,TB,88,55,0,-3.4965034965034967,143,0.6153846153846154,0.38461538461538464
WC,19,SF,WAS,42,33,0,-1.72,75,0.56,0.44
WC,19,TB,ATL,8,4,0,-1.25,12,0.6666666666666666,0.3333333333333333
WC,19,TB,CAR,13,11,0,-1.6666666666666667,24,0.5416666666666666,0.4583333333333333
WC,19,TB,CHI,6,8,0,1.9285714285714286,14,0.42857142857142855,0.5714285714285714
WC,19,TB,DAL,0,4,0,6.25,4,0,1
WC,19,TB,DET,2,3,0,3.8,5,0.4,0.6
WC,19,TB,GB,1,2,0,8.333333333333334,3,0.3333333333333333,0.6666666666666666
WC,19,TB,LA,2,2,0,16.5,4,0.5,0.5
WC,19,TB,MIN,17,26,0,3.7674418604651163,43,0.3953488372093023,0.6046511627906976
WC,19,TB,NO,4,7,0,7.545454545454546,11,0.36363636363636365,0.6363636363636364
WC,19,TB,NYG,4,12,0,6.3125,16,0.25,0.75
WC,19,TB,PHI,5,9,0,3.5,14,0.35714285714285715,0.6428571428571429
WC,19,TB,SEA,3,6,0,4.111111111111111,9,0.3333333333333333,0.6666666666666666
WC,19,TB,SF,4,11,0,9.133333333333333,15,0.26666666666666666,0.7333333333333333
WC,19,TB,WAS,0,2,0,6,2,0,1
WC,19,TEN,BAL,9,10,0,2.4210526315789473,19,0.47368421052631576,0.5263157894736842
WC,19,TEN,BUF,1,6,0,16.142857142857142,7,0.14285714285714285,0.8571428571428571
WC,19,TEN,CIN,3,2,0,-0.2,5,0.6,0.4
WC,19,TEN,CLE,2,4,0,6.333333333333333,6,0.3333333333333333,0.6666666666666666
WC,19,TEN,DEN,1,3,0,11,4,0.25,0.75
WC,19,TEN,IND,3,1,0,-5,4,0.75,0.25
WC,19,TEN,JAX,8,14,0,5.318181818181818,22,0.36363636363636365,0.6363636363636364
WC,19,TEN,KC,8,15,0,8.73913043478261,23,0.34782608695652173,0.6521739130434783
WC,19,TEN,LV,1,0,0,-6,1,1,0
WC,19,TEN,NE,4,11,0,8,15,0.26666666666666666,0.7333333333333333
WC,19,TEN,NYJ,2,2,0,-2,4,0.5,0.5
WC,19,TEN,PIT,2,1,0,-1,3,0.6666666666666666,0.3333333333333333
WC,19,WAS,ATL,11,9,0,0.85,20,0.55,0.45
WC,19,WAS,CAR,17,25,0,1.0238095238095237,42,0.40476190476190477,0.5952380952380952
WC,19,WAS,CHI,11,28,0,7.948717948717949,39,0.28205128205128205,0.717948717948718
WC,19,WAS,DAL,14,26,0,2.7,40,0.35,0.65
WC,19,WAS,DET,8,11,0,0.05263157894736842,19,0.42105263157894735,0.5789473684210527
WC,19,WAS,GB,1,5,0,4.833333333333333,6,0.16666666666666666,0.8333333333333334
WC,19,WAS,LA,1,13,0,14.571428571428571,14,0.07142857142857142,0.9285714285714286
WC,19,WAS,MIN,17,41,0,8.258620689655173,58,0.29310344827586204,0.7068965517241379
WC,19,WAS,NO,12,11,0,-0.6086956521739131,23,0.5217391304347826,0.4782608695652174
WC,19,WAS,NYG,16,28,0,4.090909090909091,44,0.36363636363636365,0.6363636363636364
WC,19,WAS,PHI,5,17,0,7.5,22,0.22727272727272727,0.7727272727272727
WC,19,WAS,SEA,8,32,0,12.8,40,0.2,0.8
WC,19,WAS,SF,11,28,0,9.58974358974359,39,0.28205128205128205,0.717948717948718
WC,19,WAS,TB,2,7,0,7.333333333333333,9,0.2222222222222222,0.7777777777777778
DIV,20,ARI,ATL,2,2,0,0.5,4,0.5,0.5
DIV,20,ARI,CAR,5,4,0,-1,9,0.5555555555555556,0.4444444444444444
DIV,20,ARI,CHI,5,12,0,3.1176470588235294,17,0.29411764705882354,0.7058823529411765
DIV,20,ARI,DAL,2,2,0,0,4,0.5,0.5
DIV,20,ARI,DET,2,2,0,-5.5,4,0.5,0.5
DIV,20,ARI,GB,0,1,0,4,1,0,1
DIV,20,ARI,LA,1,9,0,12,10,0.1,0.9
DIV,20,ARI,MIN,17,29,0,5.608695652173913,46,0.3695652173913043,0.6304347826086957
DIV,20,ARI,NYG,2,4,0,3.1666666666666665,6,0.3333333333333333,0.6666666666666666
DIV,20,ARI,PHI,3,2,0,-3.8,5,0.6,0.4
DIV,20,ARI,SEA,4,19,0,9.826086956521738,23,0.17391304347826086,0.8260869565217391
DIV,20,ARI,SF,18,44,0,7.145161290322581,62,0.2903225806451613,0.7096774193548387
DIV,20,ARI,TB,0,1,0,20,1,0,1
DIV,20,ARI,WAS,1,0,0,-26,1,1,0
DIV,20,ATL,ARI,0,2,0,11.5,2,0,1
DIV,20,ATL,CAR,4,7,0,7,11,0.36363636363636365,0.6363636363636364
DIV,20,ATL,CHI,28,57,0,6.094117647058823,85,0.32941176470588235,0.6705882352941176
DIV,20,ATL,DAL,13,23,0,3.4722222222222223,36,0.3611111111111111,0.6388888888888888
DIV,20,ATL,DET,6,18,0,7.958333333333333,24,0.25,0.75
DIV,20,ATL,GB,5,13,0,6.833333333333333,18,0.2777777777777778,0.7222222222222222
DIV,20,ATL,LA,15,30,0,5.155555555555556,45,0.3333333333333333,0.6666666666666666
DIV,20,ATL,MIN,52,137,0,7.894179894179894,189,0.2751322751322751,0.7248677248677249
DIV,20,ATL,NO,0,3,0,15,3,0,1
DIV,20,ATL,NYG,22,36,0,3.9482758620689653,58,0.3793103448275862,0.6206896551724138
DIV,20,ATL,PHI,17,31,0,5.354166666666667,48,0.3541666666666667,0.6458333333333334
DIV,20,ATL,SEA,29,96,0,10.68,125,0.232,0.768
DIV,20,ATL,SF,44,115,0,8.880503144654089,159,0.27672955974842767,0.7232704402515723
DIV,20,ATL,TB,2,0,0,-15,2,1,0
DIV,20,ATL,WAS,6,2,0,-5.75,8,0.75,0.25
DIV,20,BAL,BUF,111,251,0,6.2292817679558015,362,0.30662983425414364,0.6933701657458563
DIV,20,BAL,CIN,17,38,0,5.872727272727273,55,0.3090909090909091,0.6909090909090909
DIV,20,BAL,CLE,34,52,0,2.744186046511628,86,0.3953488372093023,0.6046511627906976
DIV,20,BAL,DEN,45,70,0,5.043478260869565,115,0.391304347826087,0.6086956521739131
DIV,20,BAL,HOU,6,6,0,3.8333333333333335,12,0.5,0.5
DIV,20,BAL,IND,35,41,0,0.9078947368421053,76,0.4605263157894737,0.5394736842105263
DIV,20,BAL,JAX,167,285,0,4.528761061946903,452,0.3694690265486726,0.6305309734513275
DIV,20,BAL,KC,142,312,0,5.966960352422907,454,0.31277533039647576,0.6872246696035242
DIV,20,BAL,LAC,2,3,0,0.8,5,0.4,0.6
DIV,20,BAL,LV,17,15,0,0.625,32,0.53125,0.46875
DIV,20,BAL,MIA,0,4,0,15,4,0,1
DIV,20,BAL,NE,81,165,0,5.752032520325203,246,0.32926829268292684,0.6707317073170732
DIV,20,BAL,NYJ,2,3,0,5.2,5,0.4,0.6
DIV,20,BAL,PIT,10,29,0,7.897435897435898,39,0.2564102564102564,0.7435897435897436
DIV,20,BAL,TEN,1,1,0,6,2,0.5,0.5
DIV,20,BUF,BAL,148,189,0,1.6498516320474776,337,0.4391691394658754,0.5608308605341247
DIV,20,BUF,CIN,31,49,0,4.0125,80,0.3875,0.6125
DIV,20,BUF,CLE,48,46,0,-0.44680851063829785,94,0.5106382978723404,0.48936170212765956
DIV,20,BUF,DEN,64,105,0,3.8520710059171597,169,0.378698224852071,0.621301775147929
DIV,20,BUF,HOU,2,11,0,10.846153846153847,13,0.15384615384615385,0.8461538461538461
DIV,20,BUF,IND,45,60,0,1.638095238095238,105,0.42857142857142855,0.5714285714285714
DIV,20,BUF,JAX,262,354,0,2.38474025974026,616,0.4253246753246753,0.5746753246753247
DIV,20,BUF,KC,205,328,0,4.487804878048781,533,0.38461538461538464,0.6153846153846154
DIV,20,BUF,LAC,3,3,0,-6.333333333333333,6,0.5,0.5
DIV,20,BUF,LV,26,35,0,1.0655737704918034,61,0.4262295081967213,0.5737704918032787
DIV,20,BUF,NE,90,177,0,5.333333333333333,267,0.33707865168539325,0.6629213483146067
DIV,20,BUF,NYJ,4,1,0,-4,5,0.8,0.2
DIV,20,BUF,PIT,24,28,0,0.7115384615384616,52,0.46153846153846156,0.5384615384615384
DIV,20,CAR,ARI,0,2,0,8,2,0,1
DIV,20,CAR,ATL,5,9,0,2.642857142857143,14,0.35714285714285715,0.6428571428571429
DIV,20,CAR,CHI,41,72,0,5.247787610619469,113,0.36283185840707965,0.6371681415929203
DIV,20,CAR,DAL,30,45,0,4.066666666666666,75,0.4,0.6
DIV,20,CAR,DET,20,33,0,5.452830188679245,53,0.37735849056603776,0.6226415094339622
DIV,20,CAR,GB,4,18,0,10.363636363636363,22,0.18181818181818182,0.8181818181818182
DIV,20,CAR,LA,16,60,0,9.56578947368421,76,0.21052631578947367,0.7894736842105263
DIV,20,CAR,MIN,85,193,0,6.751798561151079,278,0.3057553956834532,0.6942446043165468
DIV,20,CAR,NO,3,5,0,2.75,8,0.375,0.625
DIV,20,CAR,NYG,31,62,0,4.838709677419355,93,0.3333333333333333,0.6666666666666666
DIV,20,CAR,PHI,12,48,0,7.966666666666667,60,0.2,0.8
DIV,20,CAR,SEA,48,114,0,8.401234567901234,162,0.2962962962962963,0.7037037037037037
DIV,20,CAR,SF,75,199,0,8.543795620437956,274,0.2737226277372263,0.7262773722627737
DIV,20,CAR,TB,1,1,0,2,2,0.5,0.5
DIV,20,CAR,WAS,1,3,0,17.75,4,0.25,0.75
DIV,20,CHI,ARI,1,0,0,-14,1,1,0
DIV,20,CHI,ATL,28,22,0,-3.54,50,0.56,0.44
DIV,20,CHI,CAR,37,44,0,0.7777777777777778,81,0.4567901234567901,0.5432098765432098
DIV,20,CHI,DAL,39,42,0,2.6296296296296298,81,0.48148148148148145,0.5185185185185185
DIV,20,CHI,DET,17,22,0,2.3846153846153846,39,0.4358974358974359,0.5641025641025641
DIV,20,CHI,GB,16,8,0,-5.25,24,0.6666666666666666,0.3333333333333333
DIV,20,CHI,LA,48,89,0,5.846715328467154,137,0.35036496350364965,0.6496350364963503
DIV,20,CHI,MIN,190,325,0,4.69126213592233,515,0.36893203883495146,0.6310679611650486
DIV,20,CHI,NO,17,29,0,4.086956521739131,46,0.3695652173913043,0.6304347826086957
DIV,20,CHI,NYG,56,61,0,1.2820512820512822,117,0.47863247863247865,0.5213675213675214
DIV,20,CHI,PHI,26,36,0,1.6129032258064515,62,0.41935483870967744,0.5806451612903226
DIV,20,CHI,SEA,96,216,0,7.907051282051282,312,0.3076923076923077,0.6923076923076923
DIV,20,CHI,SF,162,364,0,6.88212927756654,526,0.30798479087452474,0.6920152091254753
DIV,20,CHI,TB,4,7,0,7.090909090909091,11,0.36363636363636365,0.6363636363636364
DIV,20,CHI,WAS,5,5,0,0.7,10,0.5,0.5
DIV,20,CIN,BAL,46,75,0,5.289256198347108,121,0.38016528925619836,0.6198347107438017
DIV,20,CIN,BUF,75,154,0,6.187772925764192,229,0.32751091703056767,0.6724890829694323
DIV,20,CIN,CLE,23,16,0,-0.358974358974359,39,0.5897435897435898,0.41025641025641024
DIV,20,CIN,DEN,47,54,0,1.900990099009901,101,0.46534653465346537,0.5346534653465347
DIV,20,CIN,HOU,5,3,0,-0.5,8,0.625,0.375
DIV,20,CIN,IND,14,40,0,8.722222222222221,54,0.25925925925925924,0.7407407407407407
DIV,20,CIN,JAX,113,220,0,6.2792792792792795,333,0.33933933933933935,0.6606606606606606
DIV,20,CIN,KC,81,179,0,5.2846153846153845,260,0.31153846153846154,0.6884615384615385
DIV,20,CIN,LAC,1,2,0,-7.666666666666667,3,0.3333333333333333,0.6666666666666666
DIV,20,CIN,LV,9,23,0,7.46875,32,0.28125,0.71875
DIV,20,CIN,MIA,0,1,0,11,1,0,1
DIV,20,CIN,NE,50,94,0,5.361111111111111,144,0.3472222222222222,0.6527777777777778
DIV,20,CIN,NYJ,2,0,0,-7.5,2,1,0
DIV,20,CIN,PIT,9,8,0,-0.35294117647058826,17,0.5294117647058824,0.47058823529411764
DIV,20,CIN,TEN,1,0,0,-12,1,1,0
DIV,20,CLE,BAL,30,82,0,6.883928571428571,112,0.26785714285714285,0.7321428571428571
DIV,20,CLE,BUF,61,150,0,7.767772511848341,211,0.2890995260663507,0.7109004739336493
DIV,20,CLE,CIN,12,21,0,6.575757575757576,33,0.36363636363636365,0.6363636363636364
DIV,20,CLE,DEN,16,51,0,6.447761194029851,67,0.23880597014925373,0.7611940298507462
DIV,20,CLE,HOU,2,5,0,7.571428571428571,7,0.2857142857142857,0.7142857142857143
DIV,20,CLE,IND,17,31,0,7.041666666666667,48,0.3541666666666667,0.6458333333333334
DIV,20,CLE,JAX,80,198,0,7.737410071942446,278,0.28776978417266186,0.7122302158273381
DIV,20,CLE,KC,83,212,0,7.494915254237288,295,0.28135593220338984,0.7186440677966102
DIV,20,CLE,LAC,0,2,0,12.5,2,0,1
DIV,20,CLE,LV,7,21,0,8.107142857142858,28,0.25,0.75
DIV,20,CLE,NE,32,104,0,8.580882352941176,136,0.23529411764705882,0.7647058823529411
DIV,20,CLE,NYJ,2,2,0,0.75,4,0.5,0.5
DIV,20,CLE,PIT,6,19,0,5.08,25,0.24,0.76
DIV,20,DAL,ATL,11,18,0,3.1724137931034484,29,0.3793103448275862,0.6206896551724138
DIV,20,DAL,CAR,22,29,0,1.4509803921568627,51,0.43137254901960786,0.5686274509803921
DIV,20,DAL,CHI,43,69,0,3.6160714285714284,112,0.38392857142857145,0.6160714285714286
DIV,20,DAL,DET,24,22,0,-0.4782608695652174,46,0.5217391304347826,0.4782608695652174
DIV,20,DAL,GB,10,10,0,2.2,20,0.5,0.5
DIV,20,DAL,LA,15,49,0,7.265625,64,0.234375,0.765625
DIV,20,DAL,MIN,105,186,0,4.161512027491409,291,0.36082474226804123,0.6391752577319587
DIV,20,DAL,NO,23,27,0,0.22,50,0.46,0.54
DIV,20,DAL,NYG,17,33,0,6.04,50,0.34,0.66
DIV,20,DAL,PHI,4,6,0,4.2,10,0.4,0.6
DIV,20,DAL,SEA,62,103,0,7.496969696969697,165,0.37575757575757573,0.6242424242424243
DIV,20,DAL,SF,78,161,0,6.443514644351464,239,0.3263598326359833,0.6736401673640168
DIV,20,DAL,TB,1,2,0,8.666666666666666,3,0.3333333333333333,0.6666666666666666
DIV,20,DAL,WAS,0,2,0,11,2,0,1
DIV,20,DEN,BAL,117,155,0,2.9448529411764706,272,0.43014705882352944,0.5698529411764706
DIV,20,DEN,BUF,89,233,0,6.4937888198757765,322,0.27639751552795033,0.7236024844720497
DIV,20,DEN,CIN,29,49,0,3.269230769230769,78,0.3717948717948718,0.6282051282051282
DIV,20,DEN,CLE,39,39,0,0.10256410256410256,78,0.5,0.5
DIV,20,DEN,HOU,7,14,0,3.5714285714285716,21,0.3333333333333333,0.6666666666666666
DIV,20,DEN,IND,40,45,0,1.7647058823529411,85,0.47058823529411764,0.5294117647058824
DIV,20,DEN,JAX,138,255,0,5.122137404580153,393,0.3511450381679389,0.648854961832061
DIV,20,DEN,KC,186,287,0,4.308668076109937,473,0.39323467230443976,0.6067653276955602
DIV,20,DEN,LAC,0,2,0,14.5,2,0,1
DIV,20,DEN,LV,20,16,0,-0.19444444444444445,36,0.5555555555555556,0.4444444444444444
DIV,20,DEN,MIA,1,2,0,4.666666666666667,3,0.3333333333333333,0.6666666666666666
DIV,20,DEN,NE,58,116,0,5.718390804597701,174,0.3333333333333333,0.6666666666666666
DIV,20,DEN,NYJ,1,3,0,7,4,0.25,0.75
DIV,20,DEN,PIT,13,22,0,2.1142857142857143,35,0.37142857142857144,0.6285714285714286
DIV,20,DET,ATL,7,10,0,2.8823529411764706,17,0.4117647058823529,0.5882352941176471
DIV,20,DET,CAR,29,26,0,0.8363636363636363,55,0.5272727272727272,0.4727272727272727
DIV,20,DET,CHI,29,65,0,5.5638297872340425,94,0.30851063829787234,0.6914893617021277
DIV,20,DET,DAL,27,22,0,0.40816326530612246,49,0.5510204081632653,0.4489795918367347
DIV,20,DET,GB,2,7,0,12.555555555555555,9,0.2222222222222222,0.7777777777777778
DIV,20,DET,LA,27,50,0,7.012987012987013,77,0.35064935064935066,0.6493506493506493
DIV,20,DET,MIN,95,184,0,5.645161290322581,279,0.34050179211469533,0.6594982078853047
DIV,20,DET,NO,12,15,0,-0.8518518518518519,27,0.4444444444444444,0.5555555555555556
DIV,20,DET,NYG,38,39,0,0.974025974025974,77,0.4935064935064935,0.5064935064935064
DIV,20,DET,PHI,23,26,0,0.12244897959183673,49,0.46938775510204084,0.5306122448979592
DIV,20,DET,SEA,53,140,0,7.316062176165803,193,0.27461139896373055,0.7253886010362695
DIV,20,DET,SF,93,223,0,7.417721518987341,316,0.29430379746835444,0.7056962025316456
DIV,20,DET,TB,3,3,0,-3.5,6,0.5,0.5
DIV,20,DET,WAS,3,5,0,5.5,8,0.375,0.625
DIV,20,GB,ATL,17,8,0,-3.88,25,0.68,0.32
DIV,20,GB,CAR,17,21,0,-0.47368421052631576,38,0.4473684210526316,0.5526315789473685
DIV,20,GB,CHI,24,27,0,1.0588235294117647,51,0.47058823529411764,0.5294117647058824
DIV,20,GB,DAL,11,17,0,4.392857142857143,28,0.39285714285714285,0.6071428571428571
DIV,20,GB,DET,3,10,0,5.538461538461538,13,0.23076923076923078,0.7692307692307693
DIV,20,GB,LA,23,34,0,3.3157894736842106,57,0.40350877192982454,0.5964912280701754
DIV,20,GB,MIN,77,118,0,4.82051282051282,195,0.39487179487179486,0.6051282051282051
DIV,20,GB,NO,7,10,0,-0.29411764705882354,17,0.4117647058823529,0.5882352941176471
DIV,20,GB,NYG,36,34,0,0.7285714285714285,70,0.5142857142857142,0.4857142857142857
DIV,20,GB,PHI,14,19,0,3.8484848484848486,33,0.42424242424242425,0.5757575757575758
DIV,20,GB,SEA,37,96,0,7.172932330827067,133,0.2781954887218045,0.7218045112781954
DIV,20,GB,SF,74,192,0,7.860902255639098,266,0.2781954887218045,0.7218045112781954
DIV,20,GB,TB,4,1,0,-9.4,5,0.8,0.2
DIV,20,GB,WAS,6,7,0,-2.3846153846153846,13,0.46153846153846156,0.5384615384615384
DIV,20,HOU,BAL,24,44,0,6.588235294117647,68,0.35294117647058826,0.6470588235294118
DIV,20,HOU,BUF,45,74,0,5.53781512605042,119,0.37815126050420167,0.6218487394957983
DIV,20,HOU,CIN,12,13,0,0.44,25,0.48,0.52
DIV,20,HOU,CLE,8,10,0,1.3333333333333333,18,0.4444444444444444,0.5555555555555556
DIV,20,HOU,DEN,15,22,0,2.864864864864865,37,0.40540540540540543,0.5945945945945946
DIV,20,HOU,IND,6,9,0,1.5333333333333334,15,0.4,0.6
DIV,20,HOU,JAX,17,39,0,4.232142857142857,56,0.30357142857142855,0.6964285714285714
DIV,20,HOU,KC,48,84,0,3.6666666666666665,132,0.36363636363636365,0.6363636363636364
DIV,20,HOU,LAC,0,1,0,8,1,0,1
DIV,20,HOU,LV,7,6,0,4,13,0.5384615384615384,0.46153846153846156
DIV,20,HOU,MIA,1,1,0,-6.5,2,0.5,0.5
DIV,20,HOU,NE,22,50,0,4.986111111111111,72,0.3055555555555556,0.6944444444444444
DIV,20,HOU,NYJ,0,2,0,8.5,2,0,1
DIV,20,HOU,PIT,6,6,0,-1.9166666666666667,12,0.5,0.5
DIV,20,IND,BAL,99,136,0,2.8,235,0.42127659574468085,0.5787234042553191
DIV,20,IND,BUF,96,196,0,6.089041095890411,292,0.3287671232876712,0.6712328767123288
DIV,20,IND,CIN,17,15,0,0.125,32,0.53125,0.46875
DIV,20,IND,CLE,42,32,0,-1.3243243243243243,74,0.5675675675675675,0.43243243243243246
DIV,20,IND,DEN,38,55,0,4.698924731182796,93,0.40860215053763443,0.5913978494623656
DIV,20,IND,HOU,0,1,0,25,1,0,1
DIV,20,IND,JAX,88,156,0,5.254098360655738,244,0.36065573770491804,0.639344262295082
DIV,20,IND,KC,119,248,0,5.346049046321526,367,0.3242506811989101,0.6757493188010899
DIV,20,IND,LAC,2,5,0,17.285714285714285,7,0.2857142857142857,0.7142857142857143
DIV,20,IND,LV,14,20,0,0.2647058823529412,34,0.4117647058823529,0.5882352941176471
DIV,20,IND,MIA,1,0,0,-14,1,1,0
DIV,20,IND,NE,46,113,0,6.465408805031447,159,0.2893081761006289,0.710691823899371
DIV,20,IND,NYJ,3,5,0,5.125,8,0.375,0.625
DIV,20,IND,PIT,17,23,0,2.4,40,0.425,0.575
DIV,20,IND,TEN,0,1,0,3,1,0,1
DIV,20,JAX,BAL,138,197,0,1.9373134328358208,335,0.41194029850746267,0.5880597014925373
DIV,20,JAX,BUF,138,240,0,4.362433862433862,378,0.36507936507936506,0.6349206349206349
DIV,20,JAX,CIN,32,40,0,1.9444444444444444,72,0.4444444444444444,0.5555555555555556
DIV,20,JAX,CLE,57,56,0,0.20353982300884957,113,0.504424778761062,0.49557522123893805
DIV,20,JAX,DEN,64,90,0,2.9025974025974026,154,0.4155844155844156,0.5844155844155844
DIV,20,JAX,HOU,10,6,0,-0.25,16,0.625,0.375
DIV,20,JAX,IND,37,58,0,3.6,95,0.3894736842105263,0.6105263157894737
DIV,20,JAX,KC,216,301,0,2.8433268858800775,517,0.41779497098646035,0.5822050290135397
DIV,20,JAX,LAC,1,4,0,7,5,0.2,0.8
DIV,20,JAX,LV,17,23,0,0.1,40,0.425,0.575
DIV,20,JAX,MIA,1,2,0,-6,3,0.3333333333333333,0.6666666666666666
DIV,20,JAX,NE,68,113,0,5.093922651933702,181,0.3756906077348066,0.6243093922651933
DIV,20,JAX,NYJ,4,4,0,1.375,8,0.5,0.5
DIV,20,JAX,PIT,28,36,0,1.046875,64,0.4375,0.5625
DIV,20,JAX,TEN,0,1,0,14,1,0,1
DIV,20,KC,BAL,111,165,0,3.420289855072464,276,0.40217391304347827,0.5978260869565217
DIV,20,KC,BUF,140,233,0,4.898123324396783,373,0.3753351206434316,0.6246648793565683
DIV,20,KC,CIN,39,59,0,1.663265306122449,98,0.3979591836734694,0.6020408163265306
DIV,20,KC,CLE,45,45,0,-0.12222222222222222,90,0.5,0.5
DIV,20,KC,DEN,57,103,0,5.0875,160,0.35625,0.64375
DIV,20,KC,HOU,2,5,0,3,7,0.2857142857142857,0.7142857142857143
DIV,20,KC,IND,33,58,0,4.34065934065934,91,0.3626373626373626,0.6373626373626373
DIV,20,KC,JAX,122,266,0,5.896907216494846,388,0.31443298969072164,0.6855670103092784
DIV,20,KC,LAC,1,3,0,9.5,4,0.25,0.75
DIV,20,KC,LV,20,31,0,3.4901960784313726,51,0.39215686274509803,0.6078431372549019
DIV,20,KC,NE,77,180,0,6.560311284046692,257,0.29961089494163423,0.7003891050583657
DIV,20,KC,NYJ,0,3,0,10,3,0,1
DIV,20,KC,PIT,20,15,0,0.6285714285714286,35,0.5714285714285714,0.42857142857142855
DIV,20,KC,TEN,2,0,0,-19.5,2,1,0
DIV,20,LA,ARI,2,0,0,-10,2,1,0
DIV,20,LA,ATL,29,25,0,-4.074074074074074,54,0.5370370370370371,0.46296296296296297
DIV,20,LA,CAR,52,32,0,-3.4047619047619047,84,0.6190476190476191,0.38095238095238093
DIV,20,LA,CHI,90,104,0,1.2474226804123711,194,0.4639175257731959,0.5360824742268041
DIV,20,LA,DAL,39,35,0,-0.8783783783783784,74,0.527027027027027,0.47297297297297297
DIV,20,LA,DET,36,42,0,2.3076923076923075,78,0.46153846153846156,0.5384615384615384
DIV,20,LA,GB,21,22,0,0.627906976744186,43,0.4883720930232558,0.5116279069767442
DIV,20,LA,MIN,233,295,0,2.412878787878788,528,0.4412878787878788,0.5587121212121212
DIV,20,LA,NO,33,17,0,-5.82,50,0.66,0.34
DIV,20,LA,NYG,75,68,0,-1.2797202797202798,143,0.5244755244755245,0.4755244755244755
DIV,20,LA,PHI,52,48,0,0.11,100,0.52,0.48
DIV,20,LA,SEA,120,270,0,6.5,390,0.3076923076923077,0.6923076923076923
DIV,20,LA,SF,275,428,0,3.716927453769559,703,0.3911806543385491,0.6088193456614509
DIV,20,LA,TB,7,5,0,-3.4166666666666665,12,0.5833333333333334,0.4166666666666667
DIV,20,LA,WAS,9,2,0,-4.636363636363637,11,0.8181818181818182,0.18181818181818182
DIV,20,LAC,BAL,11,6,0,-2.6470588235294117,17,0.6470588235294118,0.35294117647058826
DIV,20,LAC,BUF,15,31,0,7.695652173913044,46,0.32608695652173914,0.6739130434782609
DIV,20,LAC,CIN,5,7,0,8.083333333333334,12,0.4166666666666667,0.5833333333333334
DIV,20,LAC,CLE,6,8,0,5.5,14,0.42857142857142855,0.5714285714285714
DIV,20,LAC,DEN,6,5,0,-1.8181818181818181,11,0.5454545454545454,0.45454545454545453
DIV,20,LAC,HOU,0,1,0,9,1,0,1
DIV,20,LAC,IND,4,6,0,-0.7,10,0.4,0.6
DIV,20,LAC,JAX,22,35,0,4.491228070175438,57,0.38596491228070173,0.6140350877192983
DIV,20,LAC,KC,11,29,0,10,40,0.275,0.725
DIV,20,LAC,LV,2,4,0,4.5,6,0.3333333333333333,0.6666666666666666
DIV,20,LAC,NE,8,6,0,2.9285714285714284,14,0.5714285714285714,0.42857142857142855
DIV,20,LAC,NYJ,1,0,0,-24,1,1,0
DIV,20,LAC,PIT,5,8,0,3.4615384615384617,13,0.38461538461538464,0.6153846153846154
DIV,20,LV,BAL,33,104,0,8.306569343065693,137,0.24087591240875914,0.7591240875912408
DIV,20,LV,BUF,41,125,0,8.909638554216867,166,0.2469879518072289,0.7530120481927711
DIV,20,LV,CIN,15,24,0,4.6923076923076925,39,0.38461538461538464,0.6153846153846154
DIV,20,LV,CLE,19,35,0,4.388888888888889,54,0.35185185185185186,0.6481481481481481
DIV,20,LV,DEN,17,23,0,4.05,40,0.425,0.575
DIV,20,LV,HOU,1,0,0,-19,1,1,0
DIV,20,LV,IND,20,28,0,1.9583333333333333,48,0.4166666666666667,0.5833333333333334
DIV,20,LV,JAX,70,156,0,7.845132743362832,226,0.30973451327433627,0.6902654867256637
DIV,20,LV,KC,62,190,0,8.134920634920634,252,0.24603174603174602,0.753968253968254
DIV,20,LV,LAC,1,1,0,6.5,2,0.5,0.5
DIV,20,LV,MIA,0,1,0,6,1,0,1
DIV,20,LV,NE,31,76,0,7.074766355140187,107,0.2897196261682243,0.7102803738317757
DIV,20,LV,NYJ,4,2,0,-0.8333333333333334,6,0.6666666666666666,0.3333333333333333
DIV,20,LV,PIT,12,9,0,1.5238095238095237,21,0.5714285714285714,0.42857142857142855
DIV,20,MIA,BAL,4,20,0,9.166666666666666,24,0.16666666666666666,0.8333333333333334
DIV,20,MIA,BUF,2,13,0,8.066666666666666,15,0.13333333333333333,0.8666666666666667
DIV,20,MIA,CIN,1,3,0,11.75,4,0.25,0.75
DIV,20,MIA,CLE,2,3,0,7,5,0.4,0.6
DIV,20,MIA,DEN,0,5,0,12.2,5,0,1
DIV,20,MIA,HOU,1,1,0,-3,2,0.5,0.5
DIV,20,MIA,IND,1,0,0,-16,1,1,0
DIV,20,MIA,JAX,9,17,0,3.6923076923076925,26,0.34615384615384615,0.6538461538461539
DIV,20,MIA,KC,10,22,0,8.09375,32,0.3125,0.6875
DIV,20,MIA,LV,1,2,0,8.333333333333334,3,0.3333333333333333,0.6666666666666666
DIV,20,MIA,NE,1,2,0,-3,3,0.3333333333333333,0.6666666666666666
DIV,20,MIA,PIT,1,3,0,6,4,0.25,0.75
DIV,20,MIN,ARI,1,3,0,5,4,0.25,0.75
DIV,20,MIN,ATL,14,27,0,2.8292682926829267,41,0.34146341463414637,0.6585365853658537
DIV,20,MIN,CAR,47,48,0,1.0315789473684212,95,0.49473684210526314,0.5052631578947369
DIV,20,MIN,CHI,70,141,0,6.028436018957346,211,0.33175355450236965,0.6682464454976303
DIV,20,MIN,DAL,26,54,0,5.6625,80,0.325,0.675
DIV,20,MIN,DET,27,49,0,5.328947368421052,76,0.35526315789473684,0.6447368421052632
DIV,20,MIN,GB,12,18,0,4.766666666666667,30,0.4,0.6
DIV,20,MIN,LA,41,69,0,5.427272727272728,110,0.37272727272727274,0.6272727272727273
DIV,20,MIN,NO,27,31,0,0.5,58,0.46551724137931033,0.5344827586206896
DIV,20,MIN,NYG,63,77,0,3.085714285714286,140,0.45,0.55
DIV,20,MIN,PHI,33,31,0,1.515625,64,0.515625,0.484375
DIV,20,MIN,SEA,58,166,0,8.897321428571429,224,0.25892857142857145,0.7410714285714286
DIV,20,MIN,SF,120,255,0,6.701333333333333,375,0.32,0.68
DIV,20,MIN,TB,3,4,0,1,7,0.42857142857142855,0.5714285714285714
DIV,20,MIN,WAS,4,5,0,0.1111111111111111,9,0.4444444444444444,0.5555555555555556
DIV,20,NE,BAL,131,201,0,4.144578313253012,332,0.39457831325301207,0.6054216867469879
DIV,20,NE,BUF,135,263,0,5.8291457286432165,398,0.3391959798994975,0.6608040201005025
DIV,20,NE,CIN,33,45,0,2.628205128205128,78,0.4230769230769231,0.5769230769230769
DIV,20,NE,CLE,65,66,0,-0.40458015267175573,131,0.4961832061068702,0.5038167938931297
DIV,20,NE,DEN,66,95,0,3.260869565217391,161,0.40993788819875776,0.5900621118012422
DIV,20,NE,HOU,6,6,0,0.3333333333333333,12,0.5,0.5
DIV,20,NE,IND,50,57,0,1.4205607476635513,107,0.4672897196261682,0.5327102803738317
DIV,20,NE,JAX,239,356,0,3.8184873949579834,595,0.4016806722689076,0.5983193277310924
DIV,20,NE,KC,190,301,0,2.973523421588595,491,0.3869653767820774,0.6130346232179226
DIV,20,NE,LAC,3,4,0,0.14285714285714285,7,0.42857142857142855,0.5714285714285714
DIV,20,NE,LV,18,27,0,2.933333333333333,45,0.4,0.6
DIV,20,NE,MIA,1,0,0,-18,1,1,0
DIV,20,NE,NYJ,1,2,0,4.666666666666667,3,0.3333333333333333,0.6666666666666666
DIV,20,NE,PIT,17,18,0,1.457142857142857,35,0.4857142857142857,0.5142857142857142
DIV,20,NO,ATL,3,1,0,-5.25,4,0.75,0.25
DIV,20,NO,CAR,1,4,0,3.4,5,0.2,0.8
DIV,20,NO,CHI,17,50,0,8.761194029850746,67,0.2537313432835821,0.746268656716418
DIV,20,NO,DAL,14,17,0,4.548387096774194,31,0.45161290322580644,0.5483870967741935
DIV,20,NO,DET,16,41,0,6.701754385964913,57,0.2807017543859649,0.7192982456140351
DIV,20,NO,GB,3,7,0,9.7,10,0.3,0.7
DIV,20,NO,LA,9,41,0,12.26,50,0.18,0.82
DIV,20,NO,MIN,51,123,0,6.436781609195402,174,0.29310344827586204,0.7068965517241379
DIV,20,NO,NYG,19,35,0,5.555555555555555,54,0.35185185185185186,0.6481481481481481
DIV,20,NO,PHI,14,25,0,3.1025641025641026,39,0.358974358974359,0.6410256410256411
DIV,20,NO,SEA,24,88,0,10.821428571428571,112,0.21428571428571427,0.7857142857142857
DIV,20,NO,SF,41,132,0,8.54335260115607,173,0.23699421965317918,0.7630057803468208
DIV,20,NO,TB,1,0,0,-17,1,1,0
DIV,20,NO,WAS,3,1,0,-3,4,0.75,0.25
DIV,20,NYG,ATL,7,20,0,5.62962962962963,27,0.25925925925925924,0.7407407407407407
DIV,20,NYG,CAR,21,29,0,4.42,50,0.42,0.58
DIV,20,NYG,CHI,42,83,0,8.504,125,0.336,0.664
DIV,20,NYG,DAL,15,20,0,4.6,35,0.42857142857142855,0.5714285714285714
DIV,20,NYG,DET,15,45,0,9.4,60,0.25,0.75
DIV,20,NYG,GB,12,25,0,6.918918918918919,37,0.32432432432432434,0.6756756756756757
DIV,20,NYG,LA,19,53,0,8.069444444444445,72,0.2638888888888889,0.7361111111111112
DIV,20,NYG,MIN,110,209,0,4.667711598746082,319,0.3448275862068966,0.6551724137931034
DIV,20,NYG,NO,15,16,0,0.7741935483870968,31,0.4838709677419355,0.5161290322580645
DIV,20,NYG,PHI,7,11,0,7,18,0.3888888888888889,0.6111111111111112
DIV,20,NYG,SEA,56,155,0,9.33175355450237,211,0.26540284360189575,0.7345971563981043
DIV,20,NYG,SF,76,198,0,8.014598540145986,274,0.2773722627737226,0.7226277372262774
DIV,20,NYG,TB,2,6,0,6.5,8,0.25,0.75
DIV,20,NYG,WAS,1,1,0,-7,2,0.5,0.5
DIV,20,NYJ,BAL,10,23,0,7.121212121212121,33,0.30303030303030304,0.696969696969697
DIV,20,NYJ,BUF,7,14,0,9.476190476190476,21,0.3333333333333333,0.6666666666666666
DIV,20,NYJ,CIN,3,7,0,7.7,10,0.3,0.7
DIV,20,NYJ,CLE,7,2,0,-4.555555555555555,9,0.7777777777777778,0.2222222222222222
DIV,20,NYJ,DEN,1,6,0,9.285714285714286,7,0.14285714285714285,0.8571428571428571
DIV,20,NYJ,HOU,1,0,0,-5,1,1,0
DIV,20,NYJ,IND,1,4,0,5.4,5,0.2,0.8
DIV,20,NYJ,JAX,12,38,0,10.2,50,0.24,0.76
DIV,20,NYJ,KC,12,26,0,6.157894736842105,38,0.3157894736842105,0.6842105263157895
DIV,20,NYJ,LV,3,2,0,1.2,5,0.6,0.4
DIV,20,NYJ,NE,5,10,0,6.866666666666666,15,0.3333333333333333,0.6666666666666666
DIV,20,NYJ,PIT,1,6,0,10.285714285714286,7,0.14285714285714285,0.8571428571428571
DIV,20,PHI,ARI,1,0,0,-17,1,1,0
DIV,20,PHI,ATL,15,14,0,-0.2413793103448276,29,0.5172413793103449,0.4827586206896552
DIV,20,PHI,CAR,27,27,0,0.8333333333333334,54,0.5,0.5
DIV,20,PHI,CHI,59,82,0,2.269503546099291,141,0.41843971631205673,0.5815602836879432
DIV,20,PHI,DAL,8,14,0,3.6363636363636362,22,0.36363636363636365,0.6363636363636364
DIV,20,PHI,DET,20,43,0,5.2063492063492065,63,0.31746031746031744,0.6825396825396826
DIV,20,PHI,GB,15,14,0,-0.7241379310344828,29,0.5172413793103449,0.4827586206896552
DIV,20,PHI,LA,19,54,0,6.383561643835616,73,0.2602739726027397,0.7397260273972602
DIV,20,PHI,MIN,129,163,0,1.893835616438356,292,0.4417808219178082,0.5582191780821918
DIV,20,PHI,NO,17,20,0,0.6756756756756757,37,0.4594594594594595,0.5405405405405406
DIV,20,PHI,NYG,11,12,0,-0.17391304347826086,23,0.4782608695652174,0.5217391304347826
DIV,20,PHI,SEA,54,142,0,7.8061224489795915,196,0.2755102040816326,0.7244897959183674
DIV,20,PHI,SF,78,160,0,6.382352941176471,238,0.3277310924369748,0.6722689075630253
DIV,20,PHI,TB,6,5,0,3.090909090909091,11,0.5454545454545454,0.45454545454545453
DIV,20,PIT,BAL,33,53,0,6.046511627906977,86,0.38372093023255816,0.6162790697674418
DIV,20,PIT,BUF,43,134,0,8.36723163841808,177,0.24293785310734464,0.7570621468926554
DIV,20,PIT,CIN,10,17,0,3.037037037037037,27,0.37037037037037035,0.6296296296296297
DIV,20,PIT,CLE,11,21,0,5.8125,32,0.34375,0.65625
DIV,20,PIT,DEN,19,45,0,7.21875,64,0.296875,0.703125
DIV,20,PIT,HOU,1,4,0,9.6,5,0.2,0.8
DIV,20,PIT,IND,12,21,0,2.6666666666666665,33,0.36363636363636365,0.6363636363636364
DIV,20,PIT,JAX,57,168,0,8.675555555555556,225,0.25333333333333335,0.7466666666666667
DIV,20,PIT,KC,99,152,0,3.9721115537848606,251,0.3944223107569721,0.6055776892430279
DIV,20,PIT,LV,14,16,0,1.0666666666666667,30,0.4666666666666667,0.5333333333333333
DIV,20,PIT,MIA,1,0,0,-4,1,1,0
DIV,20,PIT,NE,42,72,0,5,114,0.3684210526315789,0.631578947368421
DIV,20,PIT,NYJ,4,0,0,-11.25,4,1,0
DIV,20,PIT,TEN,1,1,0,-2.5,2,0.5,0.5
DIV,20,SEA,ARI,2,1,0,-3.6666666666666665,3,0.6666666666666666,0.3333333333333333
DIV,20,SEA,ATL,33,32,0,-2.0923076923076924,65,0.5076923076923077,0.49230769230769234
DIV,20,SEA,CAR,68,55,0,-1.4146341463414633,123,0.5528455284552846,0.44715447154471544
DIV,20,SEA,CHI,113,113,0,-0.43805309734513276,226,0.5,0.5
DIV,20,SEA,DAL,56,51,0,0.45794392523364486,107,0.5233644859813084,0.4766355140186916
DIV,20,SEA,DET,51,43,0,-1.297872340425532,94,0.5425531914893617,0.4574468085106383
DIV,20,SEA,GB,21,19,0,1.75,40,0.525,0.475
DIV,20,SEA,LA,65,125,0,4.673684210526316,190,0.34210526315789475,0.6578947368421053
DIV,20,SEA,MIN,246,298,0,1.0753676470588236,544,0.4522058823529412,0.5477941176470589
DIV,20,SEA,NO,52,28,0,-4.65,80,0.65,0.35
DIV,20,SEA,NYG,93,84,0,-1.03954802259887,177,0.5254237288135594,0.4745762711864407
DIV,20,SEA,PHI,61,51,0,-0.8839285714285714,112,0.5446428571428571,0.45535714285714285
DIV,20,SEA,SF,307,474,0,3.7285531370038414,781,0.39308578745198464,0.6069142125480154
DIV,20,SEA,TB,9,8,0,-3.764705882352941,17,0.5294117647058824,0.47058823529411764
DIV,20,SEA,WAS,10,10,0,-1.95,20,0.5,0.5
DIV,20,SF,ATL,27,13,0,-4.15,40,0.675,0.325
DIV,20,SF,CAR,41,45,0,0.26744186046511625,86,0.47674418604651164,0.5232558139534884
DIV,20,SF,CHI,92,121,0,3.5586854460093895,213,0.431924882629108,0.568075117370892
DIV,20,SF,DAL,43,51,0,0.48936170212765956,94,0.4574468085106383,0.5425531914893617
DIV,20,SF,DET,25,46,0,4.422535211267606,71,0.352112676056338,0.647887323943662
DIV,20,SF,GB,18,19,0,2.054054054054054,37,0.4864864864864865,0.5135135135135135
DIV,20,SF,LA,64,118,0,7.763736263736264,182,0.3516483516483517,0.6483516483516484
DIV,20,SF,MIN,188,275,0,3.0799136069114472,463,0.4060475161987041,0.593952483801296
DIV,20,SF,NO,31,26,0,-1.6666666666666667,57,0.543859649122807,0.45614035087719296
DIV,20,SF,NYG,67,69,0,-1.0955882352941178,136,0.49264705882352944,0.5073529411764706
DIV,20,SF,PHI,54,45,0,0.9191919191919192,99,0.5454545454545454,0.45454545454545453
DIV,20,SF,SEA,169,300,0,5.650319829424307,469,0.3603411513859275,0.6396588486140725
DIV,20,SF,TB,5,6,0,4.090909090909091,11,0.45454545454545453,0.5454545454545454
DIV,20,SF,WAS,6,7,0,2.4615384615384617,13,0.46153846153846156,0.5384615384615384
DIV,20,TB,CAR,1,1,0,11,2,0.5,0.5
DIV,20,TB,CHI,7,14,0,4.9523809523809526,21,0.3333333333333333,0.6666666666666666
DIV,20,TB,DAL,5,14,0,6.2105263157894735,19,0.2631578947368421,0.7368421052631579
DIV,20,TB,DET,4,9,0,7.461538461538462,13,0.3076923076923077,0.6923076923076923
DIV,20,TB,GB,1,10,0,11.363636363636363,11,0.09090909090909091,0.9090909090909091
DIV,20,TB,LA,3,7,0,10.2,10,0.3,0.7
DIV,20,TB,MIN,28,59,0,6.379310344827586,87,0.3218390804597701,0.6781609195402298
DIV,20,TB,NO,1,0,0,-8,1,1,0
DIV,20,TB,NYG,10,13,0,-1.0869565217391304,23,0.43478260869565216,0.5652173913043478
DIV,20,TB,PHI,7,15,0,7.545454545454546,22,0.3181818181818182,0.6818181818181818
DIV,20,TB,SEA,10,39,0,9.979591836734693,49,0.20408163265306123,0.7959183673469388
DIV,20,TB,SF,24,72,0,8.979166666666666,96,0.25,0.75
DIV,20,TB,WAS,3,2,0,0,5,0.6,0.4
DIV,20,TEN,BAL,4,3,0,-3.7142857142857144,7,0.5714285714285714,0.42857142857142855
DIV,20,TEN,BUF,0,10,0,11.9,10,0,1
DIV,20,TEN,CIN,3,1,0,-6.75,4,0.75,0.25
DIV,20,TEN,DEN,1,3,0,17.25,4,0.25,0.75
DIV,20,TEN,IND,0,2,0,14,2,0,1
DIV,20,TEN,JAX,4,4,0,2.125,8,0.5,0.5
DIV,20,TEN,KC,8,11,0,6,19,0.42105263157894735,0.5789473684210527
DIV,20,TEN,NE,1,3,0,7,4,0.25,0.75
DIV,20,TEN,NYJ,1,0,0,-13,1,1,0
DIV,20,WAS,ATL,1,2,0,12,3,0.3333333333333333,0.6666666666666666
DIV,20,WAS,CAR,3,8,0,3.8181818181818183,11,0.2727272727272727,0.7272727272727273
DIV,20,WAS,CHI,7,22,0,5.9655172413793105,29,0.2413793103448276,0.7586206896551724
DIV,20,WAS,DAL,2,4,0,-4.5,6,0.3333333333333333,0.6666666666666666
DIV,20,WAS,DET,7,8,0,4.4,15,0.4666666666666667,0.5333333333333333
DIV,20,WAS,GB,2,3,0,1,5,0.4,0.6
DIV,20,WAS,LA,3,11,0,7.214285714285714,14,0.21428571428571427,0.7857142857142857
DIV,20,WAS,MIN,20,35,0,5.418181818181818,55,0.36363636363636365,0.6363636363636364
DIV,20,WAS,NO,3,4,0,1.4285714285714286,7,0.42857142857142855,0.5714285714285714
DIV,20,WAS,NYG,2,4,0,0.3333333333333333,6,0.3333333333333333,0.6666666666666666
DIV,20,WAS,PHI,1,2,0,8.666666666666666,3,0.3333333333333333,0.6666666666666666
DIV,20,WAS,SEA,14,37,0,9.27450980392157,51,0.27450980392156865,0.7254901960784313
DIV,20,WAS,SF,12,38,0,8.78,50,0.24,0.76
DIV,20,WAS,TB,1,0,0,-3,1,1,0
CON,21,ARI,ATL,1,0,0,-6,1,1,0
CON,21,ARI,CAR,1,1,0,8,2,0.5,0.5
CON,21,ARI,CHI,5,4,0,2.5555555555555554,9,0.5555555555555556,0.4444444444444444
CON,21,ARI,DAL,0,3,0,6.333333333333333,3,0,1
CON,21,ARI,DET,4,1,0,-6.2,5,0.8,0.2
CON,21,ARI,GB,2,1,0,-1.6666666666666667,3,0.6666666666666666,0.3333333333333333
CON,21,ARI,LA,0,2,0,13.5,2,0,1
CON,21,ARI,MIN,2,8,0,7.2,10,0.2,0.8
CON,21,ARI,NO,2,0,0,-17,2,1,0
CON,21,ARI,NYG,0,1,0,12,1,0,1
CON,21,ARI,PHI,0,2,0,10,2,0,1
CON,21,ARI,SEA,2,4,0,3.5,6,0.3333333333333333,0.6666666666666666
CON,21,ARI,SF,3,12,0,7.6,15,0.2,0.8
CON,21,ARI,TB,0,1,0,27,1,0,1
CON,21,ARI,WAS,1,0,0,-25,1,1,0
CON,21,ATL,CAR,0,4,0,5.75,4,0,1
CON,21,ATL,CHI,11,7,0,2.888888888888889,18,0.6111111111111112,0.3888888888888889
CON,21,ATL,DAL,9,6,0,-0.8,15,0.6,0.4
CON,21,ATL,DET,3,5,0,5,8,0.375,0.625
CON,21,ATL,GB,1,4,0,7.8,5,0.2,0.8
CON,21,ATL,LA,7,11,0,6.777777777777778,18,0.3888888888888889,0.6111111111111112
CON,21,ATL,MIN,27,39,0,4.196969696969697,66,0.4090909090909091,0.5909090909090909
CON,21,ATL,NO,1,0,0,-20,1,1,0
CON,21,ATL,NYG,5,8,0,4.538461538461538,13,0.38461538461538464,0.6153846153846154
CON,21,ATL,PHI,3,9,0,3.6666666666666665,12,0.25,0.75
CON,21,ATL,SEA,23,42,0,4.2,65,0.35384615384615387,0.6461538461538462
CON,21,ATL,SF,24,48,0,5.944444444444445,72,0.3333333333333333,0.6666666666666666
CON,21,ATL,TB,1,0,0,-4,1,1,0
CON,21,BAL,BUF,87,100,0,2.3155080213903743,187,0.46524064171123,0.5347593582887701
CON,21,BAL,CIN,9,18,0,7.2592592592592595,27,0.3333333333333333,0.6666666666666666
CON,21,BAL,CLE,9,7,0,-6.75,16,0.5625,0.4375
CON,21,BAL,DEN,26,32,0,3.103448275862069,58,0.4482758620689655,0.5517241379310345
CON,21,BAL,HOU,5,2,0,-4.571428571428571,7,0.7142857142857143,0.2857142857142857
CON,21,BAL,IND,15,14,0,1.6896551724137931,29,0.5172413793103449,0.4827586206896552
CON,21,BAL,JAX,89,122,0,3.066350710900474,211,0.4218009478672986,0.5781990521327014
CON,21,BAL,KC,105,182,0,3.857142857142857,287,0.36585365853658536,0.6341463414634146
CON,21,BAL,LAC,2,2,0,-0.25,4,0.5,0.5
CON,21,BAL,LV,10,8,0,0.5,18,0.5555555555555556,0.4444444444444444
CON,21,BAL,MIA,2,0,0,-1,2,1,0
CON,21,BAL,NE,54,81,0,4.288888888888889,135,0.4,0.6
CON,21,BAL,NYJ,2,0,0,-11.5,2,1,0
CON,21,BAL,PIT,11,10,0,1.2857142857142858,21,0.5238095238095238,0.47619047619047616
CON,21,BUF,BAL,83,120,0,3.083743842364532,203,0.4088669950738916,0.5911330049261084
CON,21,BUF,CIN,16,18,0,-1.7058823529411764,34,0.47058823529411764,0.5294117647058824
CON,21,BUF,CLE,29,28,0,0.5087719298245614,57,0.5087719298245614,0.49122807017543857
CON,21,BUF,DEN,45,48,0,2.4731182795698925,93,0.4838709677419355,0.5161290322580645
CON,21,BUF,HOU,2,1,0,-0.3333333333333333,3,0.6666666666666666,0.3333333333333333
CON,21,BUF,IND,17,29,0,5.021739130434782,46,0.3695652173913043,0.6304347826086957
CON,21,BUF,JAX,160,191,0,1.8632478632478633,351,0.45584045584045585,0.5441595441595442
CON,21,BUF,KC,183,232,0,2.5542168674698793,415,0.44096385542168676,0.5590361445783133
CON,21,BUF,LAC,1,2,0,2.3333333333333335,3,0.3333333333333333,0.6666666666666666
CON,21,BUF,LV,14,14,0,-0.17857142857142858,28,0.5,0.5
CON,21,BUF,MIA,0,1,0,14,1,0,1
CON,21,BUF,NE,61,85,0,2.23972602739726,146,0.4178082191780822,0.5821917808219178
CON,21,BUF,NYJ,2,1,0,-3.6666666666666665,3,0.6666666666666666,0.3333333333333333
CON,21,BUF,PIT,21,14,0,-1.7428571428571429,35,0.6,0.4
CON,21,CAR,ARI,1,0,0,-14,1,1,0
CON,21,CAR,ATL,2,3,0,0.4,5,0.4,0.6
CON,21,CAR,CHI,13,28,0,6,41,0.3170731707317073,0.6829268292682927
CON,21,CAR,DAL,2,11,0,9.846153846153847,13,0.15384615384615385,0.8461538461538461
CON,21,CAR,DET,8,10,0,0.7777777777777778,18,0.4444444444444444,0.5555555555555556
CON,21,CAR,GB,1,2,0,-2.6666666666666665,3,0.3333333333333333,0.6666666666666666
CON,21,CAR,LA,10,24,0,8.558823529411764,34,0.29411764705882354,0.7058823529411765
CON,21,CAR,MIN,39,61,0,3.6,100,0.39,0.61
CON,21,CAR,NO,0,1,0,4,1,0,1
CON,21,CAR,NYG,12,14,0,3.3846153846153846,26,0.46153846153846156,0.5384615384615384
CON,21,CAR,PHI,5,5,0,1.1,10,0.5,0.5
CON,21,CAR,SEA,22,61,0,9.060240963855422,83,0.26506024096385544,0.7349397590361446
CON,21,CAR,SF,47,92,0,7.827338129496403,139,0.3381294964028777,0.6618705035971223
CON,21,CAR,TB,0,1,0,2,1,0,1
CON,21,CAR,WAS,1,0,0,-14,1,1,0
CON,21,CHI,ARI,0,1,0,4,1,0,1
CON,21,CHI,ATL,3,9,0,2.8333333333333335,12,0.25,0.75
CON,21,CHI,CAR,16,9,0,-2.24,25,0.64,0.36
CON,21,CHI,DAL,15,12,0,-0.5555555555555556,27,0.5555555555555556,0.4444444444444444
CON,21,CHI,DET,9,18,0,3.962962962962963,27,0.3333333333333333,0.6666666666666666
CON,21,CHI,GB,7,11,0,1.2222222222222223,18,0.3888888888888889,0.6111111111111112
CON,21,CHI,LA,23,57,0,5.225,80,0.2875,0.7125
CON,21,CHI,MIN,67,101,0,3.2083333333333335,168,0.39880952380952384,0.6011904761904762
CON,21,CHI,NO,7,4,0,-2.909090909090909,11,0.6363636363636364,0.36363636363636365
CON,21,CHI,NYG,25,16,0,-2.5365853658536586,41,0.6097560975609756,0.3902439024390244
CON,21,CHI,PHI,10,25,0,3.6857142857142855,35,0.2857142857142857,0.7142857142857143
CON,21,CHI,SEA,66,130,0,5.974489795918367,196,0.336734693877551,0.6632653061224489
CON,21,CHI,SF,128,207,0,3.1044776119402986,335,0.382089552238806,0.6179104477611941
CON,21,CHI,TB,3,1,0,-8.75,4,0.75,0.25
CON,21,CHI,WAS,1,0,0,-5,1,1,0
CON,21,CIN,BAL,17,23,0,3.825,40,0.425,0.575
CON,21,CIN,BUF,37,69,0,5.764150943396227,106,0.3490566037735849,0.6509433962264151
CON,21,CIN,CLE,5,11,0,5.5,16,0.3125,0.6875
CON,21,CIN,DEN,22,26,0,-0.125,48,0.4583333333333333,0.5416666666666666
CON,21,CIN,HOU,3,2,0,-2.4,5,0.6,0.4
CON,21,CIN,IND,7,10,0,-2.8823529411764706,17,0.4117647058823529,0.5882352941176471
CON,21,CIN,JAX,55,71,0,4.309523809523809,126,0.4365079365079365,0.5634920634920635
CON,21,CIN,KC,44,57,0,2.1683168316831685,101,0.43564356435643564,0.5643564356435643
CON,21,CIN,LAC,1,2,0,0.6666666666666666,3,0.3333333333333333,0.6666666666666666
CON,21,CIN,LV,4,7,0,4.818181818181818,11,0.36363636363636365,0.6363636363636364
CON,21,CIN,MIA,0,1,0,12,1,0,1
CON,21,CIN,NE,31,48,0,4.848101265822785,79,0.3924050632911392,0.6075949367088608
CON,21,CIN,NYJ,1,2,0,1,3,0.3333333333333333,0.6666666666666666
CON,21,CIN,PIT,4,6,0,4.6,10,0.4,0.6
CON,21,CIN,TEN,0,1,0,11,1,0,1
CON,21,CLE,BAL,12,20,0,3.9375,32,0.375,0.625
CON,21,CLE,BUF,28,63,0,6.648351648351649,91,0.3076923076923077,0.6923076923076923
CON,21,CLE,CIN,8,3,0,1,11,0.7272727272727273,0.2727272727272727
CON,21,CLE,DEN,12,20,0,7.125,32,0.375,0.625
CON,21,CLE,HOU,0,1,0,13,1,0,1
CON,21,CLE,IND,9,4,0,-1.0769230769230769,13,0.6923076923076923,0.3076923076923077
CON,21,CLE,JAX,42,62,0,4.1923076923076925,104,0.40384615384615385,0.5961538461538461
CON,21,CLE,KC,47,56,0,1.5436893203883495,103,0.4563106796116505,0.5436893203883495
CON,21,CLE,LV,2,3,0,1,5,0.4,0.6
CON,21,CLE,MIA,1,0,0,-6,1,1,0
CON,21,CLE,NE,19,26,0,4.155555555555556,45,0.4222222222222222,0.5777777777777777
CON,21,CLE,PIT,1,7,0,15,8,0.125,0.875
CON,21,DAL,ATL,5,6,0,3.6363636363636362,11,0.45454545454545453,0.5454545454545454
CON,21,DAL,CAR,10,5,0,-2.8666666666666667,15,0.6666666666666666,0.3333333333333333
CON,21,DAL,CHI,20,28,0,3.1875,48,0.4166666666666667,0.5833333333333334
CON,21,DAL,DET,8,10,0,4.388888888888889,18,0.4444444444444444,0.5555555555555556
CON,21,DAL,GB,2,3,0,2.4,5,0.4,0.6
CON,21,DAL,LA,12,19,0,4.645161290322581,31,0.3870967741935484,0.6129032258064516
CON,21,DAL,MIN,45,69,0,4.131578947368421,114,0.39473684210526316,0.6052631578947368
CON,21,DAL,NO,3,6,0,7.666666666666667,9,0.3333333333333333,0.6666666666666666
CON,21,DAL,NYG,6,9,0,4.6,15,0.4,0.6
CON,21,DAL,PHI,4,8,0,5,12,0.3333333333333333,0.6666666666666666
CON,21,DAL,SEA,38,58,0,5.15625,96,0.3958333333333333,0.6041666666666666
CON,21,DAL,SF,41,104,0,5.834482758620689,145,0.2827586206896552,0.7172413793103448
CON,21,DAL,TB,2,1,0,0.6666666666666666,3,0.6666666666666666,0.3333333333333333
CON,21,DEN,BAL,63,59,0,-0.680327868852459,122,0.5163934426229508,0.48360655737704916
CON,21,DEN,BUF,64,98,0,3.0185185185185186,162,0.3950617283950617,0.6049382716049383
CON,21,DEN,CIN,21,13,0,-0.20588235294117646,34,0.6176470588235294,0.38235294117647056
CON,21,DEN,CLE,18,15,0,-4.151515151515151,33,0.5454545454545454,0.45454545454545453
CON,21,DEN,HOU,4,3,0,1.8571428571428572,7,0.5714285714285714,0.42857142857142855
CON,21,DEN,IND,18,22,0,0.225,40,0.45,0.55
CON,21,DEN,JAX,83,114,0,2.4060913705583755,197,0.4213197969543147,0.5786802030456852
CON,21,DEN,KC,68,77,0,0.5655172413793104,145,0.4689655172413793,0.5310344827586206
CON,21,DEN,LAC,0,3,0,16.333333333333332,3,0,1
CON,21,DEN,LV,7,4,0,-1.7272727272727273,11,0.6363636363636364,0.36363636363636365
CON,21,DEN,MIA,2,0,0,-5,2,1,0
CON,21,DEN,NE,42,57,0,3.121212121212121,99,0.42424242424242425,0.5757575757575758
CON,21,DEN,NYJ,1,1,0,5,2,0.5,0.5
CON,21,DEN,PIT,5,9,0,3.857142857142857,14,0.35714285714285715,0.6428571428571429
CON,21,DET,ATL,2,1,0,-7,3,0.6666666666666666,0.3333333333333333
CON,21,DET,CAR,5,10,0,4.4,15,0.3333333333333333,0.6666666666666666
CON,21,DET,CHI,16,22,0,2.526315789473684,38,0.42105263157894735,0.5789473684210527
CON,21,DET,DAL,5,11,0,7.0625,16,0.3125,0.6875
CON,21,DET,GB,3,6,0,-1.3333333333333333,9,0.3333333333333333,0.6666666666666666
CON,21,DET,LA,17,26,0,3.813953488372093,43,0.3953488372093023,0.6046511627906976
CON,21,DET,MIN,34,38,0,1.4166666666666667,72,0.4722222222222222,0.5277777777777778
CON,21,DET,NO,3,4,0,-0.14285714285714285,7,0.42857142857142855,0.5714285714285714
CON,21,DET,NYG,13,13,0,0.8076923076923077,26,0.5,0.5
CON,21,DET,PHI,6,9,0,4.2,15,0.4,0.6
CON,21,DET,SEA,45,88,0,6.571428571428571,133,0.3383458646616541,0.6616541353383458
CON,21,DET,SF,61,111,0,4.912790697674419,172,0.3546511627906977,0.6453488372093024
CON,21,DET,TB,2,1,0,0.3333333333333333,3,0.6666666666666666,0.3333333333333333
CON,21,DET,WAS,0,1,0,10,1,0,1
CON,21,GB,ARI,0,2,0,12,2,0,1
CON,21,GB,ATL,4,5,0,-2,9,0.4444444444444444,0.5555555555555556
CON,21,GB,CAR,9,4,0,-3.3846153846153846,13,0.6923076923076923,0.3076923076923077
CON,21,GB,CHI,3,12,0,8.4,15,0.2,0.8
CON,21,GB,DAL,7,8,0,1.8,15,0.4666666666666667,0.5333333333333333
CON,21,GB,DET,1,9,0,8.1,10,0.1,0.9
CON,21,GB,LA,5,22,0,11.296296296296296,27,0.18518518518518517,0.8148148148148148
CON,21,GB,MIN,27,37,0,1.84375,64,0.421875,0.578125
CON,21,GB,NO,2,0,0,-5,2,1,0
CON,21,GB,NYG,11,12,0,-1.6521739130434783,23,0.4782608695652174,0.5217391304347826
CON,21,GB,PHI,8,3,0,-1,11,0.7272727272727273,0.2727272727272727
CON,21,GB,SEA,25,44,0,5.594202898550725,69,0.36231884057971014,0.6376811594202898
CON,21,GB,SF,56,69,0,2.6,125,0.448,0.552
CON,21,GB,TB,2,0,0,-17,2,1,0
CON,21,GB,WAS,1,0,0,-12,1,1,0
CON,21,HOU,BAL,11,12,0,0.21739130434782608,23,0.4782608695652174,0.5217391304347826
CON,21,HOU,BUF,16,21,0,3.2162162162162162,37,0.43243243243243246,0.5675675675675675
CON,21,HOU,CIN,11,5,0,-1.875,16,0.6875,0.3125
CON,21,HOU,CLE,6,1,0,-10.571428571428571,7,0.8571428571428571,0.14285714285714285
CON,21,HOU,DEN,10,6,0,-3.8125,16,0.625,0.375
CON,21,HOU,IND,4,4,0,1.625,8,0.5,0.5
CON,21,HOU,JAX,11,13,0,-1.4583333333333333,24,0.4583333333333333,0.5416666666666666
CON,21,HOU,KC,19,27,0,3.4347826086956523,46,0.41304347826086957,0.5869565217391305
CON,21,HOU,LAC,2,0,0,-9,2,1,0
CON,21,HOU,LV,4,1,0,-7,5,0.8,0.2
CON,21,HOU,NE,14,18,0,1.65625,32,0.4375,0.5625
CON,21,HOU,PIT,3,0,0,-5.666666666666667,3,1,0
CON,21,IND,BAL,29,65,0,4.75531914893617,94,0.30851063829787234,0.6914893617021277
CON,21,IND,BUF,61,82,0,3.6923076923076925,143,0.42657342657342656,0.5734265734265734
CON,21,IND,CIN,10,11,0,-0.3333333333333333,21,0.47619047619047616,0.5238095238095238
CON,21,IND,CLE,15,13,0,-2.6785714285714284,28,0.5357142857142857,0.4642857142857143
CON,21,IND,DEN,24,21,0,0.2,45,0.5333333333333333,0.4666666666666667
CON,21,IND,HOU,1,1,0,4.5,2,0.5,0.5
CON,21,IND,JAX,29,41,0,4.114285714285714,70,0.4142857142857143,0.5857142857142857
CON,21,IND,KC,86,91,0,0.943502824858757,177,0.4858757062146893,0.5141242937853108
CON,21,IND,LAC,1,0,0,-6,1,1,0
CON,21,IND,LV,10,11,0,0.47619047619047616,21,0.47619047619047616,0.5238095238095238
CON,21,IND,MIA,1,1,0,-1,2,0.5,0.5
CON,21,IND,NE,30,58,0,4.875,88,0.3409090909090909,0.6590909090909091
CON,21,IND,NYJ,1,0,0,-21,1,1,0
CON,21,IND,PIT,4,8,0,1.8333333333333333,12,0.3333333333333333,0.6666666666666666
CON,21,JAX,BAL,75,106,0,2.773480662983425,181,0.4143646408839779,0.585635359116022
CON,21,JAX,BUF,128,194,0,4.158385093167702,322,0.39751552795031053,0.6024844720496895
CON,21,JAX,CIN,18,15,0,-0.7575757575757576,33,0.5454545454545454,0.45454545454545453
CON,21,JAX,CLE,31,31,0,0.16129032258064516,62,0.5,0.5
CON,21,JAX,DEN,50,70,0,2.625,120,0.4166666666666667,0.5833333333333334
CON,21,JAX,HOU,4,5,0,2.111111111111111,9,0.4444444444444444,0.5555555555555556
CON,21,JAX,IND,18,29,0,4.553191489361702,47,0.3829787234042553,0.6170212765957447
CON,21,JAX,KC,202,241,0,1.3431151241534989,443,0.45598194130925507,0.5440180586907449
CON,21,JAX,LAC,1,1,0,2,2,0.5,0.5
CON,21,JAX,LV,20,18,0,1.8157894736842106,38,0.5263157894736842,0.47368421052631576
CON,21,JAX,MIA,0,1,0,14,1,0,1
CON,21,JAX,NE,58,84,0,2.7464788732394365,142,0.4084507042253521,0.5915492957746479
CON,21,JAX,NYJ,0,1,0,3,1,0,1
CON,21,JAX,PIT,9,11,0,5.65,20,0.45,0.55
CON,21,JAX,TEN,1,0,0,-1,1,1,0
CON,21,KC,BAL,74,92,0,1.144578313253012,166,0.4457831325301205,0.5542168674698795
CON,21,KC,BUF,90,180,0,4.229629629629629,270,0.3333333333333333,0.6666666666666666
CON,21,KC,CIN,15,26,0,2.317073170731707,41,0.36585365853658536,0.6341463414634146
CON,21,KC,CLE,31,22,0,-2.943396226415094,53,0.5849056603773585,0.41509433962264153
CON,21,KC,DEN,17,44,0,7.262295081967213,61,0.2786885245901639,0.7213114754098361
CON,21,KC,HOU,6,1,0,-8.428571428571429,7,0.8571428571428571,0.14285714285714285
CON,21,KC,IND,9,34,0,6.069767441860465,43,0.20930232558139536,0.7906976744186046
CON,21,KC,JAX,122,198,0,3.5625,320,0.38125,0.61875
CON,21,KC,LAC,4,1,0,-2.6,5,0.8,0.2
CON,21,KC,LV,7,10,0,-0.47058823529411764,17,0.4117647058823529,0.5882352941176471
CON,21,KC,MIA,0,1,0,13,1,0,1
CON,21,KC,NE,53,89,0,4.591549295774648,142,0.3732394366197183,0.6267605633802817
CON,21,KC,NYJ,0,2,0,2,2,0,1
CON,21,KC,PIT,6,9,0,5.6,15,0.4,0.6
CON,21,LA,ATL,13,9,0,-2.909090909090909,22,0.5909090909090909,0.4090909090909091
CON,21,LA,CAR,25,19,0,-2.8181818181818183,44,0.5681818181818182,0.4318181818181818
CON,21,LA,CHI,59,69,0,0.921875,128,0.4609375,0.5390625
CON,21,LA,DAL,23,25,0,-0.6458333333333334,48,0.4791666666666667,0.5208333333333334
CON,21,LA,DET,31,14,0,-4.288888888888889,45,0.6888888888888889,0.3111111111111111
CON,21,LA,GB,12,13,0,-0.2,25,0.48,0.52
CON,21,LA,MIN,129,153,0,1.1914893617021276,282,0.4574468085106383,0.5425531914893617
CON,21,LA,NO,16,11,0,-2.3333333333333335,27,0.5925925925925926,0.4074074074074074
CON,21,LA,NYG,27,28,0,-1.6,55,0.4909090909090909,0.509090909090909
CON,21,LA,PHI,19,17,0,-4.166666666666667,36,0.5277777777777778,0.4722222222222222
CON,21,LA,SEA,54,123,0,6.677966101694915,177,0.3050847457627119,0.6949152542372882
CON,21,LA,SF,122,175,0,1.9764309764309764,297,0.4107744107744108,0.5892255892255892
CON,21,LA,TB,1,0,0,-28,1,1,0
CON,21,LA,WAS,3,0,0,-8.333333333333334,3,1,0
CON,21,LAC,BAL,5,1,0,-2.6666666666666665,6,0.8333333333333334,0.16666666666666666
CON,21,LAC,BUF,8,13,0,4.809523809523809,21,0.38095238095238093,0.6190476190476191
CON,21,LAC,CIN,3,3,0,-0.3333333333333333,6,0.5,0.5
CON,21,LAC,CLE,5,1,0,-5.5,6,0.8333333333333334,0.16666666666666666
CON,21,LAC,DEN,3,2,0,-4.6,5,0.6,0.4
CON,21,LAC,HOU,1,0,0,-10,1,1,0
CON,21,LAC,IND,5,2,0,-1.2857142857142858,7,0.7142857142857143,0.2857142857142857
CON,21,LAC,JAX,12,12,0,0.5833333333333334,24,0.5,0.5
CON,21,LAC,KC,2,9,0,11.545454545454545,11,0.18181818181818182,0.8181818181818182
CON,21,LAC,LV,0,1,0,10,1,0,1
CON,21,LAC,NE,3,1,0,-8.75,4,0.75,0.25
CON,21,LAC,PIT,1,4,0,4.4,5,0.2,0.8
CON,21,LV,BAL,12,31,0,9.69767441860465,43,0.27906976744186046,0.7209302325581395
CON,21,LV,BUF,40,33,0,1.2465753424657535,73,0.547945205479452,0.4520547945205479
CON,21,LV,CIN,3,10,0,3.1538461538461537,13,0.23076923076923078,0.7692307692307693
CON,21,LV,CLE,4,2,0,-4.666666666666667,6,0.6666666666666666,0.3333333333333333
CON,21,LV,DEN,7,9,0,3.5625,16,0.4375,0.5625
CON,21,LV,HOU,0,2,0,4,2,0,1
CON,21,LV,IND,4,11,0,6.133333333333334,15,0.26666666666666666,0.7333333333333333
CON,21,LV,JAX,31,56,0,5.2298850574712645,87,0.3563218390804598,0.6436781609195402
CON,21,LV,KC,25,41,0,5.287878787878788,66,0.3787878787878788,0.6212121212121212
CON,21,LV,LAC,1,0,0,-13,1,1,0
CON,21,LV,NE,9,21,0,7.733333333333333,30,0.3,0.7
CON,21,LV,NYJ,2,0,0,-13,2,1,0
CON,21,LV,PIT,1,7,0,14.125,8,0.125,0.875
CON,21,LV,TEN,1,0,0,-21,1,1,0
CON,21,MIA,BAL,2,3,0,2,5,0.4,0.6
CON,21,MIA,BUF,0,4,0,13.5,4,0,1
CON,21,MIA,DEN,0,1,0,8,1,0,1
CON,21,MIA,HOU,1,0,0,-3,1,1,0
CON,21,MIA,JAX,3,3,0,1,6,0.5,0.5
CON,21,MIA,KC,2,6,0,9.875,8,0.25,0.75
CON,21,MIA,LV,1,0,0,-13,1,1,0
CON,21,MIA,NE,0,3,0,14.333333333333334,3,0,1
CON,21,MIA,PIT,1,0,0,-5,1,1,0
CON,21,MIN,ATL,5,6,0,2.090909090909091,11,0.45454545454545453,0.5454545454545454
CON,21,MIN,CAR,13,14,0,1.8148148148148149,27,0.48148148148148145,0.5185185185185185
CON,21,MIN,CHI,27,41,0,2.735294117647059,68,0.39705882352941174,0.6029411764705882
CON,21,MIN,DAL,10,16,0,1,26,0.38461538461538464,0.6153846153846154
CON,21,MIN,DET,11,19,0,5.1,30,0.36666666666666664,0.6333333333333333
CON,21,MIN,GB,10,16,0,2.423076923076923,26,0.38461538461538464,0.6153846153846154
CON,21,MIN,LA,34,61,0,4.821052631578947,95,0.35789473684210527,0.6421052631578947
CON,21,MIN,NO,12,7,0,-4.052631578947368,19,0.631578947368421,0.3684210526315789
CON,21,MIN,NYG,24,19,0,-1.558139534883721,43,0.5581395348837209,0.4418604651162791
CON,21,MIN,PHI,8,15,0,6.434782608695652,23,0.34782608695652173,0.6521739130434783
CON,21,MIN,SEA,77,181,0,7.352713178294573,258,0.29844961240310075,0.7015503875968992
CON,21,MIN,SF,161,303,0,5.504310344827586,464,0.34698275862068967,0.6530172413793104
CON,21,MIN,TB,1,0,0,-22,1,1,0
CON,21,MIN,WAS,1,2,0,21.333333333333332,3,0.3333333333333333,0.6666666666666666
CON,21,NE,BAL,83,88,0,0.1871345029239766,171,0.4853801169590643,0.5146198830409356
CON,21,NE,BUF,54,102,0,4.538461538461538,156,0.34615384615384615,0.6538461538461539
CON,21,NE,CIN,22,22,0,0.5454545454545454,44,0.5,0.5
CON,21,NE,CLE,22,19,0,-3.317073170731707,41,0.5365853658536586,0.4634146341463415
CON,21,NE,DEN,34,41,0,1.1066666666666667,75,0.4533333333333333,0.5466666666666666
CON,21,NE,HOU,4,4,0,-3.75,8,0.5,0.5
CON,21,NE,IND,23,27,0,0.56,50,0.46,0.54
CON,21,NE,JAX,162,163,0,0.7076923076923077,325,0.49846153846153846,0.5015384615384615
CON,21,NE,KC,132,157,0,1.685121107266436,289,0.45674740484429066,0.5432525951557093
CON,21,NE,LAC,2,2,0,0.75,4,0.5,0.5
CON,21,NE,LV,15,18,0,1.0606060606060606,33,0.45454545454545453,0.5454545454545454
CON,21,NE,MIA,2,0,0,-7.5,2,1,0
CON,21,NE,NYJ,1,1,0,5.5,2,0.5,0.5
CON,21,NE,PIT,17,12,0,-4,29,0.5862068965517241,0.41379310344827586
CON,21,NO,CAR,1,3,0,11.25,4,0.25,0.75
CON,21,NO,CHI,7,10,0,1.4705882352941178,17,0.4117647058823529,0.5882352941176471
CON,21,NO,DAL,4,6,0,6.9,10,0.4,0.6
CON,21,NO,DET,2,5,0,3,7,0.2857142857142857,0.7142857142857143
CON,21,NO,LA,8,20,0,9.142857142857142,28,0.2857142857142857,0.7142857142857143
CON,21,NO,MIN,17,30,0,4.914893617021277,47,0.3617021276595745,0.6382978723404256
CON,21,NO,NYG,7,7,0,0.5,14,0.5,0.5
CON,21,NO,PHI,1,6,0,8.714285714285714,7,0.14285714285714285,0.8571428571428571
CON,21,NO,SEA,18,47,0,8.03076923076923,65,0.27692307692307694,0.7230769230769231
CON,21,NO,SF,32,72,0,5.903846153846154,104,0.3076923076923077,0.6923076923076923
CON,21,NO,TB,1,0,0,-2,1,1,0
CON,21,NO,WAS,3,0,0,-9,3,1,0
CON,21,NYG,ATL,6,2,0,-5,8,0.75,0.25
CON,21,NYG,CAR,6,10,0,2.0625,16,0.375,0.625
CON,21,NYG,CHI,17,29,0,7.043478260869565,46,0.3695652173913043,0.6304347826086957
CON,21,NYG,DAL,4,9,0,3.5384615384615383,13,0.3076923076923077,0.6923076923076923
CON,21,NYG,DET,7,9,0,2,16,0.4375,0.5625
CON,21,NYG,GB,0,5,0,15,5,0,1
CON,21,NYG,LA,20,26,0,2.4565217391304346,46,0.43478260869565216,0.5652173913043478
CON,21,NYG,MIN,55,88,0,5.13986013986014,143,0.38461538461538464,0.6153846153846154
CON,21,NYG,NO,7,4,0,-3.4545454545454546,11,0.6363636363636364,0.36363636363636365
CON,21,NYG,PHI,4,8,0,5.5,12,0.3333333333333333,0.6666666666666666
CON,21,NYG,SEA,25,82,0,8.074766355140186,107,0.2336448598130841,0.7663551401869159
CON,21,NYG,SF,52,136,0,7.601063829787234,188,0.2765957446808511,0.723404255319149
CON,21,NYG,TB,1,1,0,-6,2,0.5,0.5
CON,21,NYG,WAS,0,1,0,6,1,0,1
CON,21,NYJ,BAL,3,5,0,12,8,0.375,0.625
CON,21,NYJ,BUF,4,3,0,5.428571428571429,7,0.5714285714285714,0.42857142857142855
CON,21,NYJ,CIN,1,1,0,6,2,0.5,0.5
CON,21,NYJ,DEN,4,1,0,-6.4,5,0.8,0.2
CON,21,NYJ,IND,0,2,0,5.5,2,0,1
CON,21,NYJ,JAX,6,11,0,8.058823529411764,17,0.35294117647058826,0.6470588235294118
CON,21,NYJ,KC,10,11,0,1.5238095238095237,21,0.47619047619047616,0.5238095238095238
CON,21,NYJ,LV,0,1,0,15,1,0,1
CON,21,NYJ,NE,1,4,0,7.2,5,0.2,0.8
CON,21,NYJ,PIT,1,2,0,14.666666666666666,3,0.3333333333333333,0.6666666666666666
CON,21,PHI,ARI,1,0,0,-6,1,1,0
CON,21,PHI,ATL,6,3,0,-3.2222222222222223,9,0.6666666666666666,0.3333333333333333
CON,21,PHI,CAR,8,7,0,-5.066666666666666,15,0.5333333333333333,0.4666666666666667
CON,21,PHI,CHI,17,27,0,1.3409090909090908,44,0.38636363636363635,0.6136363636363636
CON,21,PHI,DAL,1,1,0,0,2,0.5,0.5
CON,21,PHI,DET,9,13,0,2.4545454545454546,22,0.4090909090909091,0.5909090909090909
CON,21,PHI,GB,2,5,0,5.571428571428571,7,0.2857142857142857,0.7142857142857143
CON,21,PHI,LA,21,39,0,5.3,60,0.35,0.65
CON,21,PHI,MIN,52,72,0,2.2661290322580645,124,0.41935483870967744,0.5806451612903226
CON,21,PHI,NO,3,3,0,1.3333333333333333,6,0.5,0.5
CON,21,PHI,NYG,5,10,0,2.2666666666666666,15,0.3333333333333333,0.6666666666666666
CON,21,PHI,SEA,23,67,0,6.877777777777778,90,0.25555555555555554,0.7444444444444445
CON,21,PHI,SF,70,104,0,3.9770114942528734,174,0.40229885057471265,0.5977011494252874
CON,21,PHI,TB,1,1,0,3.5,2,0.5,0.5
CON,21,PHI,WAS,1,1,0,3,2,0.5,0.5
CON,21,PIT,BAL,6,19,0,6.92,25,0.24,0.76
CON,21,PIT,BUF,21,48,0,5.3478260869565215,69,0.30434782608695654,0.6956521739130435
CON,21,PIT,CIN,6,7,0,1,13,0.46153846153846156,0.5384615384615384
CON,21,PIT,CLE,6,2,0,-9.125,8,0.75,0.25
CON,21,PIT,DEN,11,13,0,2.75,24,0.4583333333333333,0.5416666666666666
CON,21,PIT,HOU,0,1,0,8,1,0,1
CON,21,PIT,IND,4,16,0,7.1,20,0.2,0.8
CON,21,PIT,JAX,27,46,0,5.054794520547945,73,0.3698630136986301,0.6301369863013698
CON,21,PIT,KC,37,55,0,2.989130434782609,92,0.40217391304347827,0.5978260869565217
CON,21,PIT,LAC,0,1,0,2,1,0,1
CON,21,PIT,LV,8,5,0,-0.5384615384615384,13,0.6153846153846154,0.38461538461538464
CON,21,PIT,MIA,0,1,0,5,1,0,1
CON,21,PIT,NE,18,33,0,3.784313725490196,51,0.35294117647058826,0.6470588235294118
CON,21,PIT,NYJ,0,1,0,12,1,0,1
CON,21,SEA,ARI,0,1,0,26,1,0,1
CON,21,SEA,ATL,19,11,0,-4.7,30,0.6333333333333333,0.36666666666666664
CON,21,SEA,CAR,31,23,0,-1.6481481481481481,54,0.5740740740740741,0.42592592592592593
CON,21,SEA,CHI,69,73,0,0.5633802816901409,142,0.4859154929577465,0.5140845070422535
CON,21,SEA,DAL,32,19,0,-2.6862745098039214,51,0.6274509803921569,0.37254901960784315
CON,21,SEA,DET,46,23,0,-2.3043478260869565,69,0.6666666666666666,0.3333333333333333
CON,21,SEA,GB,11,14,0,2.48,25,0.44,0.56
CON,21,SEA,LA,59,52,0,0.3063063063063063,111,0.5315315315315315,0.46846846846846846
CON,21,SEA,MIN,257,220,0,-0.7589098532494759,477,0.5387840670859538,0.4612159329140461
CON,21,SEA,NO,11,14,0,-0.28,25,0.44,0.56
CON,21,SEA,NYG,40,26,0,-2.272727272727273,66,0.6060606060606061,0.3939393939393939
CON,21,SEA,PHI,25,28,0,1.3584905660377358,53,0.4716981132075472,0.5283018867924528
CON,21,SEA,SF,189,193,0,0.06806282722513089,382,0.49476439790575916,0.5052356020942408
CON,21,SEA,TB,2,1,0,-8,3,0.6666666666666666,0.3333333333333333
CON,21,SEA,WAS,1,1,0,-5,2,0.5,0.5
CON,21,SF,ATL,8,16,0,0.5833333333333334,24,0.3333333333333333,0.6666666666666666
CON,21,SF,CAR,17,22,0,2.871794871794872,39,0.4358974358974359,0.5641025641025641
CON,21,SF,CHI,84,82,0,0.3192771084337349,166,0.5060240963855421,0.4939759036144578
CON,21,SF,DAL,25,30,0,1.0727272727272728,55,0.45454545454545453,0.5454545454545454
CON,21,SF,DET,19,19,0,0.7105263157894737,38,0.5,0.5
CON,21,SF,GB,6,15,0,6.714285714285714,21,0.2857142857142857,0.7142857142857143
CON,21,SF,LA,34,56,0,4.6,90,0.37777777777777777,0.6222222222222222
CON,21,SF,MIN,172,189,0,0.9141274238227147,361,0.47645429362880887,0.5235457063711911
CON,21,SF,NO,10,7,0,-3.9411764705882355,17,0.5882352941176471,0.4117647058823529
CON,21,SF,NYG,33,36,0,-0.17391304347826086,69,0.4782608695652174,0.5217391304347826
CON,21,SF,PHI,29,20,0,-1.8571428571428572,49,0.5918367346938775,0.40816326530612246
CON,21,SF,SEA,118,166,0,3.48943661971831,284,0.4154929577464789,0.5845070422535211
CON,21,SF,WAS,2,3,0,-0.4,5,0.4,0.6
CON,21,TB,ATL,1,0,0,-4,1,1,0
CON,21,TB,CAR,2,0,0,-10.5,2,1,0
CON,21,TB,CHI,2,3,0,2.8,5,0.4,0.6
CON,21,TB,DAL,2,4,0,14.5,6,0.3333333333333333,0.6666666666666666
CON,21,TB,DET,0,4,0,6,4,0,1
CON,21,TB,GB,1,1,0,1.5,2,0.5,0.5
CON,21,TB,LA,2,4,0,7,6,0.3333333333333333,0.6666666666666666
CON,21,TB,MIN,15,20,0,2.142857142857143,35,0.42857142857142855,0.5714285714285714
CON,21,TB,NYG,3,3,0,5.833333333333333,6,0.5,0.5
CON,21,TB,PHI,1,3,0,9.5,4,0.25,0.75
CON,21,TB,SEA,12,10,0,1.6363636363636365,22,0.5454545454545454,0.45454545454545453
CON,21,TB,SF,8,25,0,7.7272727272727275,33,0.24242424242424243,0.7575757575757576
CON,21,TB,WAS,0,1,0,7,1,0,1
CON,21,TEN,BUF,0,7,0,16.714285714285715,7,0,1
CON,21,TEN,CIN,1,1,0,1.5,2,0.5,0.5
CON,21,TEN,HOU,1,0,0,-2,1,1,0
CON,21,TEN,JAX,0,1,0,1,1,0,1
CON,21,TEN,KC,2,2,0,2.5,4,0.5,0.5
CON,21,TEN,LV,0,1,0,3,1,0,1
CON,21,TEN,NE,2,4,0,6.833333333333333,6,0.3333333333333333,0.6666666666666666
CON,21,TEN,PIT,1,0,0,-6,1,1,0
CON,21,WAS,ARI,0,1,0,21,1,0,1
CON,21,WAS,ATL,1,1,0,5.5,2,0.5,0.5
CON,21,WAS,CAR,1,0,0,-5,1,1,0
CON,21,WAS,CHI,6,2,0,-5,8,0.75,0.25
CON,21,WAS,DAL,0,4,0,10.75,4,0,1
CON,21,WAS,DET,2,2,0,-1.25,4,0.5,0.5
CON,21,WAS,GB,1,1,0,2,2,0.5,0.5
CON,21,WAS,LA,3,8,0,6.636363636363637,11,0.2727272727272727,0.7272727272727273
CON,21,WAS,MIN,6,12,0,7.166666666666667,18,0.3333333333333333,0.6666666666666666
CON,21,WAS,NO,0,2,0,15.5,2,0,1
CON,21,WAS,NYG,1,1,0,-0.5,2,0.5,0.5
CON,21,WAS,PHI,0,1,0,12,1,0,1
CON,21,WAS,SEA,9,17,0,4.576923076923077,26,0.34615384615384615,0.6538461538461539
CON,21,WAS,SF,6,16,0,8.090909090909092,22,0.2727272727272727,0.7272727272727273
CON,21,WAS,TB,1,0,0,-1,1,1,0
SB,22,ARI,BAL,1,3,0,9.25,4,0.25,0.75
SB,22,ARI,BUF,4,2,0,1.6666666666666667,6,0.6666666666666666,0.3333333333333333
SB,22,ARI,CIN,2,1,0,-4.333333333333333,3,0.6666666666666666,0.3333333333333333
SB,22,ARI,CLE,0,1,0,3,1,0,1
SB,22,ARI,DEN,0,2,0,8.5,2,0,1
SB,22,ARI,JAX,2,2,0,-2.25,4,0.5,0.5
SB,22,ARI,KC,2,3,0,4,5,0.4,0.6
SB,22,ARI,LV,0,1,0,9,1,0,1
SB,22,ARI,NE,0,2,0,15,2,0,1
SB,22,ATL,BAL,5,6,0,2.090909090909091,11,0.45454545454545453,0.5454545454545454
SB,22,ATL,BUF,18,23,0,0.3170731707317073,41,0.43902439024390244,0.5609756097560976
SB,22,ATL,CIN,1,1,0,1.5,2,0.5,0.5
SB,22,ATL,CLE,4,6,0,1.5,10,0.4,0.6
SB,22,ATL,DEN,5,12,0,3.0588235294117645,17,0.29411764705882354,0.7058823529411765
SB,22,ATL,HOU,0,2,0,24.5,2,0,1
SB,22,ATL,IND,5,5,0,-0.1,10,0.5,0.5
SB,22,ATL,JAX,15,17,0,-1.375,32,0.46875,0.53125
SB,22,ATL,KC,13,20,0,3.1515151515151514,33,0.3939393939393939,0.6060606060606061
SB,22,ATL,LV,1,2,0,-2,3,0.3333333333333333,0.6666666666666666
SB,22,ATL,NE,7,12,0,7.473684210526316,19,0.3684210526315789,0.631578947368421
SB,22,ATL,NYJ,1,0,0,-15,1,1,0
SB,22,ATL,PIT,4,2,0,-1,6,0.6666666666666666,0.3333333333333333
SB,22,CAR,BAL,17,16,0,0.7575757575757576,33,0.5151515151515151,0.48484848484848486
SB,22,CAR,BUF,11,24,0,3.4,35,0.3142857142857143,0.6857142857142857
SB,22,CAR,CIN,8,12,0,-0.95,20,0.4,0.6
SB,22,CAR,CLE,2,4,0,4,6,0.3333333333333333,0.6666666666666666
SB,22,CAR,DEN,7,19,0,4.230769230769231,26,0.2692307692307692,0.7307692307692307
SB,22,CAR,HOU,2,1,0,2,3,0.6666666666666666,0.3333333333333333
SB,22,CAR,IND,10,7,0,-5.176470588235294,17,0.5882352941176471,0.4117647058823529
SB,22,CAR,JAX,17,24,0,3.3658536585365852,41,0.4146341463414634,0.5853658536585366
SB,22,CAR,KC,27,34,0,1.4426229508196722,61,0.4426229508196721,0.5573770491803278
SB,22,CAR,LAC,0,2,0,6,2,0,1
SB,22,CAR,LV,6,1,0,-3.2857142857142856,7,0.8571428571428571,0.14285714285714285
SB,22,CAR,NE,17,18,0,-1,35,0.4857142857142857,0.5142857142857142
SB,22,CAR,PIT,4,4,0,1.75,8,0.5,0.5
SB,22,CHI,BAL,41,37,0,-0.5384615384615384,78,0.5256410256410257,0.47435897435897434
SB,22,CHI,BUF,64,60,0,0.8548387096774194,124,0.5161290322580645,0.4838709677419355
SB,22,CHI,CIN,24,13,0,-5.027027027027027,37,0.6486486486486487,0.35135135135135137
SB,22,CHI,CLE,15,10,0,-1.8,25,0.6,0.4
SB,22,CHI,DEN,41,32,0,-1.4794520547945205,73,0.5616438356164384,0.4383561643835616
SB,22,CHI,HOU,4,2,0,-5.666666666666667,6,0.6666666666666666,0.3333333333333333
SB,22,CHI,IND,23,23,0,0.8913043478260869,46,0.5,0.5
SB,22,CHI,JAX,64,58,0,0.1885245901639344,122,0.5245901639344263,0.47540983606557374
SB,22,CHI,KC,80,78,0,-0.4810126582278481,158,0.5063291139240507,0.4936708860759494
SB,22,CHI,LAC,6,1,0,-4.285714285714286,7,0.8571428571428571,0.14285714285714285
SB,22,CHI,LV,11,14,0,-0.24,25,0.44,0.56
SB,22,CHI,MIA,1,1,0,0.5,2,0.5,0.5
SB,22,CHI,NE,41,43,0,0.6904761904761905,84,0.4880952380952381,0.5119047619047619
SB,22,CHI,NYJ,4,1,0,-9.2,5,0.8,0.2
SB,22,CHI,PIT,14,11,0,0.52,25,0.56,0.44
SB,22,DAL,BAL,15,25,0,2.925,40,0.375,0.625
SB,22,DAL,BUF,22,29,0,3.019607843137255,51,0.43137254901960786,0.5686274509803921
SB,22,DAL,CIN,8,11,0,0.7894736842105263,19,0.42105263157894735,0.5789473684210527
SB,22,DAL,CLE,9,7,0,-3.6875,16,0.5625,0.4375
SB,22,DAL,DEN,24,10,0,-5,34,0.7058823529411765,0.29411764705882354
SB,22,DAL,HOU,3,5,0,7,8,0.375,0.625
SB,22,DAL,IND,5,11,0,2.6875,16,0.3125,0.6875
SB,22,DAL,JAX,19,35,0,3.537037037037037,54,0.35185185185185186,0.6481481481481481
SB,22,DAL,KC,28,30,0,0.9137931034482759,58,0.4827586206896552,0.5172413793103449
SB,22,DAL,LV,3,9,0,8.166666666666666,12,0.25,0.75
SB,22,DAL,NE,24,21,0,1.5777777777777777,45,0.5333333333333333,0.4666666666666667
SB,22,DAL,PIT,3,3,0,-3.6666666666666665,6,0.5,0.5
SB,22,DAL,TEN,2,0,0,-7.5,2,1,0
SB,22,DET,BAL,16,26,0,2.238095238095238,42,0.38095238095238093,0.6190476190476191
SB,22,DET,BUF,23,35,0,0.9137931034482759,58,0.39655172413793105,0.603448275862069
SB,22,DET,CIN,2,6,0,11.625,8,0.25,0.75
SB,22,DET,CLE,8,7,0,-3.466666666666667,15,0.5333333333333333,0.4666666666666667
SB,22,DET,DEN,15,17,0,0.40625,32,0.46875,0.53125
SB,22,DET,HOU,3,3,0,-1.3333333333333333,6,0.5,0.5
SB,22,DET,IND,9,9,0,-1.6111111111111112,18,0.5,0.5
SB,22,DET,JAX,34,40,0,2.5,74,0.4594594594594595,0.5405405405405406
SB,22,DET,KC,28,36,0,3.703125,64,0.4375,0.5625
SB,22,DET,LAC,2,1,0,-1.6666666666666667,3,0.6666666666666666,0.3333333333333333
SB,22,DET,LV,1,3,0,2.5,4,0.25,0.75
SB,22,DET,NE,15,24,0,4.205128205128205,39,0.38461538461538464,0.6153846153846154
SB,22,DET,PIT,7,3,0,-7.9,10,0.7,0.3
SB,22,GB,BAL,13,16,0,2.103448275862069,29,0.4482758620689655,0.5517241379310345
SB,22,GB,BUF,17,16,0,0.8787878787878788,33,0.5151515151515151,0.48484848484848486
SB,22,GB,CIN,5,6,0,2.090909090909091,11,0.45454545454545453,0.5454545454545454
SB,22,GB,CLE,4,3,0,-2.4285714285714284,7,0.5714285714285714,0.42857142857142855
SB,22,GB,DEN,13,7,0,-3.1,20,0.65,0.35
SB,22,GB,HOU,1,1,0,-7,2,0.5,0.5
SB,22,GB,IND,6,9,0,4.466666666666667,15,0.4,0.6
SB,22,GB,JAX,22,25,0,-0.1276595744680851,47,0.46808510638297873,0.5319148936170213
SB,22,GB,KC,17,35,0,6.25,52,0.3269230769230769,0.6730769230769231
SB,22,GB,LAC,2,2,0,1,4,0.5,0.5
SB,22,GB,LV,5,3,0,-5.875,8,0.625,0.375
SB,22,GB,NE,10,13,0,2.217391304347826,23,0.43478260869565216,0.5652173913043478
SB,22,GB,NYJ,1,1,0,4,2,0.5,0.5
SB,22,GB,PIT,2,2,0,1.25,4,0.5,0.5
SB,22,GB,TEN,1,0,0,-12,1,1,0
SB,22,LA,BAL,60,49,0,-0.7889908256880734,109,0.5504587155963303,0.44954128440366975
SB,22,LA,BUF,74,80,0,0.18831168831168832,154,0.4805194805194805,0.5194805194805194
SB,22,LA,CIN,17,9,0,-3.8846153846153846,26,0.6538461538461539,0.34615384615384615
SB,22,LA,CLE,17,19,0,-0.027777777777777776,36,0.4722222222222222,0.5277777777777778
SB,22,LA,DEN,34,36,0,0.2571428571428571,70,0.4857142857142857,0.5142857142857142
SB,22,LA,HOU,12,5,0,-2.823529411764706,17,0.7058823529411765,0.29411764705882354
SB,22,LA,IND,30,28,0,-2.5517241379310347,58,0.5172413793103449,0.4827586206896552
SB,22,LA,JAX,91,85,0,-0.5056818181818182,176,0.5170454545454546,0.48295454545454547
SB,22,LA,KC,78,57,0,-1.8444444444444446,135,0.5777777777777777,0.4222222222222222
SB,22,LA,LAC,1,1,0,-8.5,2,0.5,0.5
SB,22,LA,LV,18,9,0,-5.296296296296297,27,0.6666666666666666,0.3333333333333333
SB,22,LA,NE,68,52,0,-1.8,120,0.5666666666666667,0.43333333333333335
SB,22,LA,NYJ,4,1,0,-8.6,5,0.8,0.2
SB,22,LA,PIT,11,14,0,0,25,0.44,0.56
SB,22,LA,TEN,1,0,0,-5,1,1,0
SB,22,MIN,BAL,97,81,0,-1.4382022471910112,178,0.5449438202247191,0.4550561797752809
SB,22,MIN,BUF,131,131,0,-0.09923664122137404,262,0.5,0.5
SB,22,MIN,CIN,27,25,0,-0.75,52,0.5192307692307693,0.4807692307692308
SB,22,MIN,CLE,24,30,0,-1.5,54,0.4444444444444444,0.5555555555555556
SB,22,MIN,DEN,60,32,0,-4.1521739130434785,92,0.6521739130434783,0.34782608695652173
SB,22,MIN,HOU,8,10,0,2.4444444444444446,18,0.4444444444444444,0.5555555555555556
SB,22,MIN,IND,46,33,0,-2.0126582278481013,79,0.5822784810126582,0.4177215189873418
SB,22,MIN,JAX,121,153,0,1.2627737226277371,274,0.4416058394160584,0.5583941605839416
SB,22,MIN,KC,132,123,0,0.40784313725490196,255,0.5176470588235295,0.4823529411764706
SB,22,MIN,LAC,6,5,0,0.36363636363636365,11,0.5454545454545454,0.45454545454545453
SB,22,MIN,LV,18,21,0,-0.05128205128205128,39,0.46153846153846156,0.5384615384615384
SB,22,MIN,MIA,3,1,0,-3.25,4,0.75,0.25
SB,22,MIN,NE,75,89,0,0.8841463414634146,164,0.4573170731707317,0.5426829268292683
SB,22,MIN,NYJ,6,3,0,0,9,0.6666666666666666,0.3333333333333333
SB,22,MIN,PIT,30,10,0,-6.7,40,0.75,0.25
SB,22,NO,BAL,4,11,0,3.6666666666666665,15,0.26666666666666666,0.7333333333333333
SB,22,NO,BUF,7,12,0,2.263157894736842,19,0.3684210526315789,0.631578947368421
SB,22,NO,CIN,2,0,0,-5.5,2,1,0
SB,22,NO,CLE,1,2,0,0.6666666666666666,3,0.3333333333333333,0.6666666666666666
SB,22,NO,DEN,4,11,0,4.066666666666666,15,0.26666666666666666,0.7333333333333333
SB,22,NO,HOU,2,3,0,4.2,5,0.4,0.6
SB,22,NO,IND,1,6,0,11.857142857142858,7,0.14285714285714285,0.8571428571428571
SB,22,NO,JAX,13,19,0,5.0625,32,0.40625,0.59375
SB,22,NO,KC,11,19,0,1.3333333333333333,30,0.36666666666666664,0.6333333333333333
SB,22,NO,LV,2,3,0,6.6,5,0.4,0.6
SB,22,NO,MIA,0,1,0,6,1,0,1
SB,22,NO,NE,6,21,0,5.185185185185185,27,0.2222222222222222,0.7777777777777778
SB,22,NO,PIT,1,2,0,7,3,0.3333333333333333,0.6666666666666666
SB,22,NYG,BAL,25,24,0,-1.469387755102041,49,0.5102040816326531,0.4897959183673469
SB,22,NYG,BUF,28,35,0,2.015873015873016,63,0.4444444444444444,0.5555555555555556
SB,22,NYG,CIN,4,12,0,6,16,0.25,0.75
SB,22,NYG,CLE,4,5,0,5.333333333333333,9,0.4444444444444444,0.5555555555555556
SB,22,NYG,DEN,9,20,0,5.172413793103448,29,0.3103448275862069,0.6896551724137931
SB,22,NYG,HOU,2,3,0,9.2,5,0.4,0.6
SB,22,NYG,IND,8,5,0,1.6923076923076923,13,0.6153846153846154,0.38461538461538464
SB,22,NYG,JAX,22,52,0,4,74,0.2972972972972973,0.7027027027027027
SB,22,NYG,KC,28,36,0,2.28125,64,0.4375,0.5625
SB,22,NYG,LAC,1,0,0,-6,1,1,0
SB,22,NYG,LV,3,4,0,-2.2857142857142856,7,0.42857142857142855,0.5714285714285714
SB,22,NYG,NE,32,34,0,0.8333333333333334,66,0.48484848484848486,0.5151515151515151
SB,22,NYG,NYJ,1,0,0,-20,1,1,0
SB,22,NYG,PIT,3,7,0,1.4,10,0.3,0.7
SB,22,PHI,BAL,16,20,0,2.25,36,0.4444444444444444,0.5555555555555556
SB,22,PHI,BUF,37,31,0,-0.5735294117647058,68,0.5441176470588235,0.45588235294117646
SB,22,PHI,CIN,5,8,0,3.230769230769231,13,0.38461538461538464,0.6153846153846154
SB,22,PHI,CLE,6,6,0,1.3333333333333333,12,0.5,0.5
SB,22,PHI,DEN,13,12,0,0.52,25,0.52,0.48
SB,22,PHI,HOU,2,2,0,3,4,0.5,0.5
SB,22,PHI,IND,6,11,0,2.3529411764705883,17,0.35294117647058826,0.6470588235294118
SB,22,PHI,JAX,25,33,0,0.6896551724137931,58,0.43103448275862066,0.5689655172413793
SB,22,PHI,KC,42,31,0,-1.0684931506849316,73,0.5753424657534246,0.4246575342465753
SB,22,PHI,LAC,3,1,0,-6.75,4,0.75,0.25
SB,22,PHI,LV,4,4,0,1.125,8,0.5,0.5
SB,22,PHI,NE,15,37,0,3.0384615384615383,52,0.28846153846153844,0.7115384615384616
SB,22,PHI,PIT,5,4,0,1,9,0.5555555555555556,0.4444444444444444
SB,22,SEA,BAL,101,90,0,-1.0994764397905759,191,0.5287958115183246,0.4712041884816754
SB,22,SEA,BUF,192,130,0,-2.8819875776397517,322,0.5962732919254659,0.40372670807453415
SB,22,SEA,CIN,58,28,0,-6.174418604651163,86,0.6744186046511628,0.32558139534883723
SB,22,SEA,CLE,40,30,0,-3.942857142857143,70,0.5714285714285714,0.42857142857142855
SB,22,SEA,DEN,78,50,0,-3.96875,128,0.609375,0.390625
SB,22,SEA,HOU,17,12,0,-5.482758620689655,29,0.5862068965517241,0.41379310344827586
SB,22,SEA,IND,57,34,0,-3.5164835164835164,91,0.6263736263736264,0.37362637362637363
SB,22,SEA,JAX,173,141,0,-1.9936305732484076,314,0.5509554140127388,0.44904458598726116
SB,22,SEA,KC,187,128,0,-3.019047619047619,315,0.5936507936507937,0.40634920634920635
SB,22,SEA,LAC,8,4,0,-4.666666666666667,12,0.6666666666666666,0.3333333333333333
SB,22,SEA,LV,32,21,0,-5.69811320754717,53,0.6037735849056604,0.39622641509433965
SB,22,SEA,MIA,2,2,0,-0.5,4,0.5,0.5
SB,22,SEA,NE,133,102,0,-1.6170212765957446,235,0.5659574468085107,0.4340425531914894
SB,22,SEA,NYJ,5,2,0,-5.142857142857143,7,0.7142857142857143,0.2857142857142857
SB,22,SEA,PIT,34,19,0,-2.5660377358490565,53,0.6415094339622641,0.3584905660377358
SB,22,SEA,TEN,1,1,0,-6,2,0.5,0.5
SB,22,SF,BAL,137,105,0,-2.4628099173553717,242,0.5661157024793388,0.43388429752066116
SB,22,SF,BUF,210,179,0,-1.2802056555269923,389,0.5398457583547558,0.4601542416452442
SB,22,SF,CIN,55,31,0,-3.941860465116279,86,0.6395348837209303,0.36046511627906974
SB,22,SF,CLE,39,28,0,-3.462686567164179,67,0.582089552238806,0.417910447761194
SB,22,SF,DEN,82,83,0,-0.3696969696969697,165,0.49696969696969695,0.503030303030303
SB,22,SF,HOU,15,13,0,-1.6785714285714286,28,0.5357142857142857,0.4642857142857143
SB,22,SF,IND,69,43,0,-3.267857142857143,112,0.6160714285714286,0.38392857142857145
SB,22,SF,JAX,205,194,0,-0.7443609022556391,399,0.5137844611528822,0.48621553884711777
SB,22,SF,KC,203,158,0,-1.8642659279778393,361,0.5623268698060941,0.4376731301939058
SB,22,SF,LAC,9,6,0,-7.533333333333333,15,0.6,0.4
SB,22,SF,LV,33,8,0,-10.585365853658537,41,0.8048780487804879,0.1951219512195122
SB,22,SF,MIA,1,4,0,4,5,0.2,0.8
SB,22,SF,NE,151,111,0,-2.3244274809160306,262,0.5763358778625954,0.42366412213740456
SB,22,SF,NYJ,6,3,0,-5.333333333333333,9,0.6666666666666666,0.3333333333333333
SB,22,SF,PIT,28,13,0,-4.560975609756097,41,0.6829268292682927,0.3170731707317073
SB,22,SF,TEN,2,0,0,-20,2,1,0
SB,22,TB,BAL,3,2,0,-4.8,5,0.6,0.4
SB,22,TB,BUF,5,12,0,7.9411764705882355,17,0.29411764705882354,0.7058823529411765
SB,22,TB,CIN,0,2,0,12,2,0,1
SB,22,TB,CLE,1,0,0,-3,1,1,0
SB,22,TB,DEN,0,1,0,11,1,0,1
SB,22,TB,HOU,1,0,0,-9,1,1,0
SB,22,TB,IND,2,2,0,-0.25,4,0.5,0.5
SB,22,TB,JAX,4,6,0,4.3,10,0.4,0.6
SB,22,TB,KC,2,4,0,8.833333333333334,6,0.3333333333333333,0.6666666666666666
SB,22,TB,LV,0,2,0,12,2,0,1
SB,22,TB,NE,2,4,0,9.5,6,0.3333333333333333,0.6666666666666666
SB,22,TB,PIT,1,1,0,-11.5,2,0.5,0.5
SB,22,WAS,BAL,3,5,0,3.125,8,0.375,0.625
SB,22,WAS,BUF,5,4,0,-2,9,0.5555555555555556,0.4444444444444444
SB,22,WAS,CIN,0,1,0,4,1,0,1
SB,22,WAS,CLE,1,0,0,-28,1,1,0
SB,22,WAS,DEN,0,1,0,10,1,0,1
SB,22,WAS,IND,1,2,0,4,3,0.3333333333333333,0.6666666666666666
SB,22,WAS,JAX,3,5,0,4.5,8,0.375,0.625
SB,22,WAS,KC,2,6,0,10.25,8,0.25,0.75
SB,22,WAS,LAC,1,0,0,-1,1,1,0
SB,22,WAS,NE,2,4,0,3.5,6,0.3333333333333333,0.6666666666666666
SB,22,WAS,PIT,0,1,0,14,1,0,1
